大受好評,高興
關了,其他（負）
明確,其他（正）
追隨,其他（正）
人鬼殊途,其他（負）
喇賽,其他（正）
解雇,其他（負）
被拒絕,難過
離世,害怕
派對,其他（正）
如何可以更好,其他（正）
爛貨,生氣
打小孩,生氣
摔到頭,害怕
想通了,其他（正）
要價,其他（正）
神邏輯,生氣
幹林良,生氣
毒誓,害怕
平安,高興
難以相信,生氣
吐血,害怕
令人痛苦,難過
迷迷糊糊,其他（負）
回不來,難過
把關,其他（正）
打屁哈啦,高興
血跡斑斑,生氣
第一,其他（正）
傳染,生氣
嗤之以鼻,生氣
慾火,高興
無法做到,其他（負）
緊繃,害怕
老鼠多,害怕
自殘,難過
已成定局,難過
看俏,其他（正）
冷嘲熱諷,其他（負）
意識模糊,生氣
抱著一絲希望,生氣
幫派,生氣
一直笑,高興
最痛,難過
不知去向,生氣
眼睜睜,其他（負）
滿心期待,高興
說來說去,其他（負）
看住,其他（負）
悲劇,難過
呆呆,害怕
見笑轉生氣,其他（負）
維持不久,害怕
苦頭,害怕
沒有能力,其他（負）
開車太急,害怕
厲害,其他（正）
晚了一步,害怕
死一死,生氣
猝不及防,害怕
經濟壓力,其他（負）
不知哪兒來,驚訝
遭遇,其他（負）
有功,其他（正）
看中,其他（正）
叫別人等,其他（負）
邁向,其他（正）
元神,害怕
其實我不愛你,難過
大刀闊斧,其他（正）
都沒有用,難過
不參與,其他（負）
蠻精采,其他（正）
削弱,其他（負）
能不能回來,難過
我所沒有的,其他（負）
命案,其他（負）
不要再打了,害怕
被壓,其他（負）
不太到,其他（負）
受限,其他（負）
潛藏,其他（負）
自相矛盾,難過
奄奄一息,害怕
鬧,其他（負）
不肯打拚,其他（負）
不屬於我,難過
達成協議,其他（正）
送我回家,其他（正）
過度,其他（負）
胖,其他（負）
誤會,其他（負）
遭遇到,其他（負）
去面對,其他（負）
一臉困擾,害怕
暗戀,高興
撒手不管,生氣
難辭其咎,難過
義無反顧,其他（正）
害自己,其他（負）
到底還要多久,生氣
太過認真,其他（負）
幹嘛,難過
承認犯行,其他（負）
鎖死,其他（負）
摸索,其他（負）
失戀,難過
謙虛,其他（正）
強暴,其他（負）
改進,其他（負）
闖過了紅燈,害怕
心頭肉,高興
凌晨兩、三點,害怕
臭,其他（負）
殘酷,難過
慌了手腳,生氣
惡質,難過
平安健康,其他（正）
年紀也大了,其他（負）
眼中風,生氣
責任感,高興
傻眼了,害怕
花海,其他（正）
冷冷的,其他（負）
毋須,其他（負）
賠他,其他（負）
罪惡感,其他（負）
抱住我,其他（正）
全都,難過
不想再看到你,生氣
除惡,難過
身心障礙人士,其他（負）
絡繹不絕,其他（正）
戒酒,其他（正）
躺在地上,其他（負）
驅除,害怕
遺言,害怕
流感併發重症,生氣
荷包失血,難過
跡象,其他（負）
不禁傷心落淚,害怕
搔頭,驚訝
亂丟,難過
在一起,高興
殺害,難過
氣頭,生氣
指使,其他（負）
注意,其他（負）
動搖,其他（負）
被刀劃傷,害怕
睡不好,其他（負）
蒼老,害怕
白衣女子,害怕
咪艇,其他（負）
毫不知情,驚訝
抒發,害怕
日新月異,其他（正）
扛下,其他（負）
肇事,其他（負）
印象很深刻,其他（正）
笑嘻嘻,高興
好好想一想,其他（負）
顛簸,其他（負）
小帥哥,高興
不行的話,其他（負）
不緊繃,其他（正）
夢幻逸品,高興
太辛苦,難過
誦經聲,難過
釐清起火原因,生氣
爆紅,高興
讚揚,其他（正）
用盡,害怕
緊緊抓著,害怕
偽店,生氣
麻瓜,其他（正）
所長,其他（正）
無薪假,其他（負）
無辜,難過
逆子,難過
侵吞,其他（負）
生存,其他（正）
做人好累,難過
奪門而出,害怕
現在怎麼辦,害怕
等死,其他（負）
嗤,生氣
希望你們能,其他（正）
很煩欸妳,生氣
到底是怎麼回事,生氣
惡作劇,生氣
來醫院,害怕
寒冬,害怕
丟掉,其他（負）
未依規定,生氣
讓自己後悔,難過
剛好,其他（正）
挑釁,生氣
不再出現,其他（負）
引起網友撻伐,難過
紅遍全台,高興
浮腫,其他（負）
漫漫長,其他（負）
盤查,其他（負）
秘密,其他（負）
癌,害怕
不好的事,其他（負）
倏然,驚訝
得小心,害怕
血腥味,害怕
怎麼會這樣,害怕
劈頭就,生氣
老花,生氣
精品,其他（正）
最有效率,其他（正）
警報,害怕
無生命危險,高興
自己的窩,其他（正）
骯髒,生氣
殺小,生氣
玩我,其他（負）
讓人分心,其他（負）
厭煩,生氣
迫害,難過
西西酥酥,害怕
不願忘記,難過
勇氣,其他（正）
弄傷,生氣
雖然如此,其他（正）
侵占,其他（負）
談不攏,其他（負）
老舊,其他（負）
咳得,害怕
超出負荷,生氣
昏昏欲睡,其他（負）
趕緊控制,生氣
滿屋子亂跑,害怕
我好希望,其他（負）
詫異,驚訝
利用,生氣
太感謝了,高興
亂跑,難過
改革,高興
住院期間,害怕
盯上,其他（負）
屁事,生氣
不當處置,難過
失效,害怕
寂寞,難過
翹課,其他（負）
讓你依靠,其他（正）
死查某,生氣
施暴,難過
牛步,難過
反正,生氣
幫忙祈福,高興
被刪除,難過
被詐騙,生氣
硬要幫,其他（負）
當場昏倒,生氣
快睡著,其他（負）
斷了傳承,難過
考量,其他（正）
撒花,高興
腦膜炎,生氣
性關係不協調,難過
還過得去,其他（正）
誰能教我,害怕
怎麼可以這樣,生氣
被掏空,難過
查出,其他（負）
不了了之,其他（負）
能夠認識你,高興
嚇了一跳,害怕
一定要過得很好,其他（正）
輾轉,害怕
五星級,其他（正）
難聞,其他（負）
予以尊重,高興
自滿,難過
紅色布條,難過
什麼是開心,難過
開玩笑,其他（正）
獻給,其他（正）
毫不手軟,其他（正）
胃痛,生氣
指責,難過
搞鬼,生氣
罵翻,生氣
像砂糖一樣甜,其他（正）
從來不曾,驚訝
幹0糧,生氣
超貴,生氣
說好,生氣
繼承,其他（正）
說再見,難過
麻煩,其他（負）
努力這麼久,其他（負）
經濟好轉,高興
敗給,害怕
動感,其他（正）
想怎樣,生氣
牛頭不對馬嘴,其他（負）
通姦,其他（負）
愉快,高興
作夢,其他（正）
同步,其他（正）
回到家,高興
監控,其他（負）
過大,其他（負）
最美好,高興
拉著你的手,其他（正）
過失,其他（負）
喜宴,其他（正）
潑糞,難過
笨笨的,其他（負）
輕易駭進,生氣
請民眾安心,其他（正）
沉重,害怕
不懂反省,其他（負）
重新認識你,其他（負）
痛批,難過
侵入,難過
無語,其他（負）
夜店,其他（負）
啥洨,生氣
木納,其他（負）
過失致死,生氣
嚥下這口氣,難過
碰壁,難過
多爛,生氣
火冒三丈,難過
無聲無息,害怕
被翻過,害怕
榮譽,高興
不聞不問,難過
怪怪的,其他（負）
懲處,難過
壓垮駱駝,害怕
拖著疲憊的,害怕
到底想怎樣,生氣
眼眶泛淚,難過
不知睡了多久,其他（負）
滴下了淚,難過
裝備不好,難過
高薪,高興
ISIS,生氣
寧願,其他（負）
呼救,生氣
太意外啦,其他（正）
動怒,難過
愛你,高興
沒有人會來,難過
大吼,生氣
從頭到尾,其他（負）
受邀,其他（正）
聞風而來,其他（正）
裝備不夠,難過
冷戰,其他（負）
找到了,其他（正）
不眠不休,其他（正）
開心的一天,其他（正）
事情發生在,害怕
錢用完,其他（負）
發笑,其他（正）
語重心常,難過
警告處分,難過
想你,害怕
特殊能力,驚訝
沒有工作,害怕
語氣是好的,其他（正）
涉及,其他（負）
胡思亂想,其他（負）
逃生不及,生氣
逼我,生氣
典禮,高興
砍頭,生氣
正妹,其他（正）
隨時可以,其他（正）
不幸中的大幸,其他（正）
翻箱倒櫃,害怕
隨地大小便,難過
看盡千帆,難過
失去生命跡象,難過
哀號,害怕
盡在不言中,難過
在黑暗中,其他（負）
不是奢望,難過
緊盯,其他（負）
高調,其他（負）
委屈,難過
心臟病,害怕
無預期,驚訝
拳腳相向,生氣
不專心,其他（負）
卻都,其他（負）
納悶,害怕
平反,高興
太開心,高興
:D,高興
不發一語,其他（負）
有害,其他（負）
一扯,害怕
沒救了,難過
拚命,其他（正）
分離,難過
好好過生活,其他（正）
蒙上一層,其他（負）
什麼事情也沒做,其他（負）
色情網站,其他（負）
腦袋裡一直想,其他（負）
勤奮,其他（正）
冷淡,難過
在叫,害怕
叫不出來,害怕
自我感覺良好,其他（負）
增購,高興
冰冷,其他（負）
醒悟,其他（正）
得等,其他（負）
追究責任,生氣
微弱,其他（負）
腦門上,其他（負）
撕裂,其他（負）
宿疾,害怕
鉅額債務,其他（負）
令人佩服,其他（正）
民主,其他（正）
運氣很好,高興
相依為命,害怕
年邁臥病,害怕
教我,害怕
已經造成,其他（負）
拔管,害怕
為時已晚,難過
沒人幫忙,難過
作嘔,生氣
控訴,生氣
浪費,生氣
鐮刀,害怕
滿意度高達,其他（正）
串門子,高興
打手槍,其他（負）
絕交,生氣
惹禍,其他（負）
也想抱抱你,難過
拼裝,其他（負）
耍白癡,其他（負）
搞成這樣,難過
最後你卻,其他（負）
被偷,難過
安置,高興
失業,害怕
領獎金,高興
美景盡收眼底,其他（正）
一把眼淚,害怕
皮毛,其他（負）
封鎖,生氣
關懷與安置,其他（正）
發生,驚訝
奇特,其他（正）
外傳,驚訝
裝潢典雅,其他（正）
傲人的雙峰,其他（正）
鋌而走險,其他（負）
道行,其他（正）
重重障礙,其他（負）
捉姦,生氣
炸彈客,生氣
多少次想,其他（負）
打掃一下,其他（正）
抓起,害怕
先搶先贏,生氣
哭鬧聲,生氣
感謝狀,其他（正）
度日,害怕
休息,其他（正）
欣賞美景,其他（正）
薪資倒退,難過
發病,生氣
暴躁,難過
哭爸,生氣
被打,害怕
真的可以,其他（正）
深深的沈思,難過
沒看頭,其他（負）
煉獄,生氣
放線,其他（負）
現在要怎樣,生氣
笑點戳到,其他（正）
阻礙,其他（負）
永遠幸福,高興
難免會,難過
越演越烈,難過
自拍,其他（正）
沒收,其他（正）
完全免費,高興
下次一定會,其他（正）
眉角,其他（負）
批判,其他（負）
一怒,生氣
酒店上班,難過
更好吃,其他（正）
道謝,高興
濫用,難過
一臉尷尬,驚訝
已經完全沒有感覺,難過
獨特,其他（正）
冷漠,難過
自慰,其他（負）
相當憂心,生氣
打招呼,其他（正）
死狀淒慘,生氣
漫不經心,其他（負）
花一輩子,其他（負）
芭比娃娃,其他（正）
異常,其他（負）
收屍,害怕
領到年終獎金,其他（正）
發瘋,其他（負）
倒茶,其他（正）
不體諒,生氣
深愛,高興
適合我,其他（正）
最美,其他（正）
很享受,高興
什麼啦,生氣
完全不知情,驚訝
平白無故,難過
自憐,難過
遭受,其他（負）
視若無睹,其他（負）
獨自一個人,其他（負）
揣測,生氣
生前,難過
沒考上,難過
不太好,其他（負）
若無其事,其他（負）
不要這樣,難過
油脂,其他（負）
擋住,生氣
清清楚楚,生氣
不滿足,難過
趕來,害怕
不可以,其他（負）
不想承認,其他（負）
令人不勝唏噓,害怕
天氣不太好,難過
濃厚,其他（正）
T+T,難過
直擊,其他（負）
不過是,其他（負）
外勞,其他（負）
端莊,其他（正）
一愣,驚訝
剛硬不屈,其他（正）
無法戒毒,害怕
不方便,其他（負）
債留子孫,難過
令人垂延,其他（正）
蒼蠅,其他（負）
見多了,其他（負）
撲咬,生氣
愛的結晶,其他（正）
緊急送驗,生氣
出氣,難過
參加婚宴,其他（正）
無法停止,其他（負）
抽中頭獎,其他（正）
查弊,其他（負）
被刪,其他（負）
感情受挫,害怕
給我面子,其他（正）
落榜,難過
為了吃,其他（負）
打屁,高興
精密,其他（正）
陷阱,生氣
似笑非笑,其他（正）
沒有結婚,害怕
關你屁事,生氣
弄得,其他（負）
甘願淪為,害怕
跟死了一樣,其他（負）
真心覺得,其他（負）
嘻笑打鬧,高興
很突然,驚訝
硬要,生氣
少數要服從多數,其他（負）
靈堂,害怕
真好,其他（正）
認真對待,其他（正）
太強硬,其他（負）
什麼都說,生氣
幹,生氣
潦草,其他（負）
屢勸不聽,難過
空盪,其他（負）
又要開始,其他（負）
感謝你半年的陪伴,難過
假鈔,其他（負）
傻呼呼,生氣
通通不見,驚訝
發火,生氣
與時並進,其他（正）
同意,高興
敏感,其他（負）
閃開,其他（負）
著名,其他（正）
呼之欲出,其他（正）
吸家畜血,生氣
高危險群,生氣
無法回答,難過
無聊,其他（負）
逆向,生氣
沒拍到,其他（負）
被嗆,其他（負）
起身接待,其他（正）
沒接,其他（負）
燈滅了,害怕
收入與工作也不固定,其他（負）
拐彎抹角,其他（負）
飄來飄去,害怕
陰影下,其他（負）
一起陪我,其他（正）
盧了這麼久,其他（負）
出殯,其他（負）
死定了,害怕
開腸剖肚,害怕
做不了,其他（負）
一個擁抱,其他（正）
無能,難過
7強,其他（正）
劈腿,生氣
操心,害怕
淡掉,其他（負）
永遠都記得,其他（負）
擔憂,生氣
盼,高興
過剩,其他（負）
迫切,其他（負）
毒蟲,難過
尋獲,高興
太差,其他（負）
影響不了,其他（正）
高壓電,害怕
毛孔粗大,其他（負）
閃他兩個耳光,生氣
幹哩娘,生氣
問候,其他（正）
沈默,其他（負）
負債,難過
免疫力降低,生氣
被吞,生氣
這麼美,其他（正）
回到從前,難過
反而是,其他（負）
好發時期,生氣
理解,其他（正）
被吵,生氣
好轉,其他（正）
不是+滋味,生氣
反控,生氣
榮耀,高興
誰喜歡你誰倒楣,生氣
頭痛,生氣
悔過書,其他（負）
困住,其他（負）
皺成一團,其他（負）
深呼吸,其他（正）
激勵,其他（正）
首相,其他（正）
過動,其他（負）
人非常好,其他（正）
煎熬,難過
命中率最高,其他（正）
說改就改,生氣
焦急,生氣
外人面前,其他（負）
快閃,生氣
精神都來了,高興
捷豹,其他（正）
嘆了一口氣,難過
即使,其他（負）
比較忙,其他（負）
沒變壞,其他（正）
未減速,害怕
作勢,其他（負）
搞錯,生氣
放心不下,害怕
衝動,生氣
黃鼻涕,其他（負）
藏不住,害怕
反怪,難過
不幸病逝,害怕
我相信,其他（正）
說也怪了,驚訝
終於開始,其他（正）
搬家,其他（負）
行情看俏,其他（正）
近視比例,其他（負）
協調,高興
放空,其他（負）
理論,難過
非法,難過
幹得不錯嘛,其他（正）
忍受不了,生氣
涼爽單位,其他（正）
趣味,其他（正）
死黨,其他（正）
奇異,害怕
偷偷的去,其他（負）
鬼畫符,其他（負）
血流不止,生氣
多麼重要,高興
護眼,其他（正）
引人注目,其他（負）
能生存,其他（正）
新鮮,其他（正）
最要好,其他（正）
棘手,害怕
臨時說,其他（負）
已讀,生氣
實在太好,其他（正）
挺不賴,其他（正）
衝到,其他（負）
心臟病發,害怕
沒一下子,其他（負）
情緒較不穩定,生氣
一槍擊斃,害怕
邂逅,高興
最討厭,生氣
有身孕,其他（正）
滅頂,難過
前有瘋狗,其他（負）
我他媽,生氣
找了半天,生氣
溝通都沒有,其他（負）
慰靈,其他（正）
負債累累,害怕
放符,害怕
怎麼這麽難,其他（負）
紀錄保持人,其他（正）
沒有回來,難過
順便,其他（正）
大吵一架,生氣
自摸,其他（正）
封閉,其他（負）
明知,其他（負）
好好看,高興
丟棄,其他（負）
潛規則,其他（負）
特有的,其他（正）
符咒,害怕
有點累,難過
躲起來,其他（負）
賭,其他（負）
醫好,其他（正）
不能偷懶,其他（正）
刪好友,生氣
說也奇怪,驚訝
徹底改變,其他（正）
發現,驚訝
從善如流,其他（正）
幫我,高興
再給我說一次,生氣
捉弄,生氣
利,其他（正）
呻吟,其他（負）
又驚又喜,高興
推到樓下,其他（負）
該死,生氣
登上,高興
嚼檳榔,其他（負）
招搖,其他（負）
希望就不是奢望,難過
新高,其他（正）
動手腳,生氣
驅魔,害怕
情同意合,高興
救我媽媽,害怕
頗有道理,其他（正）
飽眼福,高興
旗開得勝,其他（正）
欠下這麼多錢,其他（負）
油價止跌回升,難過
都弄不好,生氣
乾旱,生氣
要早起,難過
急診,生氣
卻被,其他（負）
溫存,其他（正）
這是一定的呀,其他（正）
是怎樣,生氣
夠複雜,其他（負）
上膛,害怕
大力,其他（正）
看不出來,其他（負）
失火,生氣
匆匆的,其他（負）
送醫不治,害怕
穿插三字經,難過
才能做到,其他（正）
罵我,生氣
結果應會大不同,難過
毫無意願,其他（負）
雛型,其他（正）
有什麼用,其他（負）
很難信服,害怕
杜絕暴力,高興
打不通,生氣
幹他媽,生氣
啊不就,生氣
不後悔,其他（正）
為了討好,生氣
哭成淚人兒,難過
腳底抹油,害怕
死者,害怕
待援,生氣
好交情,高興
呃,其他（負）
催毀,其他（負）
主場,其他（正）
離我很近很近,害怕
又整齊,其他（正）
拖著鐵鍊,其他（負）
打不過,害怕
明明就,其他（負）
起火原因,生氣
媽媽煮的菜,高興
詐騙,生氣
創辦人,其他（正）
發生口角,難過
幸福的,高興
打死妳,生氣
精神賠償,其他（負）
灑花,高興
宣洩,其他（負）
翻騰,其他（負）
自稱,其他（負）
沒有壓力,其他（正）
拆禮物,高興
做家事,其他（負）
支離破碎,其他（負）
沮喪,難過
激進分子,生氣
受制於,其他（負）
多重器官衰竭,害怕
沒公德心,生氣
茁壯,高興
肇事逃逸,難過
卻見,害怕
創造,其他（正）
冷板凳,害怕
瞞我,其他（負）
完全沒看到,其他（負）
大叫大吼,高興
關心,其他（正）
快笑死了啦,其他（正）
又逃,其他（負）
險象環生,生氣
發洩,其他（負）
令人無法承受,難過
環境不錯,其他（正）
恐怖份子,生氣
保濕,其他（正）
從來沒有期待過,其他（負）
開除,其他（負）
太爽了,高興
停供,其他（負）
你媽的,生氣
達陣,其他（正）
搞不清楚,其他（負）
拿不到,其他（負）
頓時變成,其他（負）
沒在穿,其他（負）
清除,其他（正）
好感動,高興
理虧,害怕
貴賓,其他（正）
美滿,高興
不適應,其他（負）
早洩,難過
帥臉,其他（正）
分隔幾地,難過
無法入眠,生氣
鬼魂,害怕
改造手槍,害怕
＃▔▽▔＃,高興
遠離毒品,其他（正）
沒水,其他（負）
普及,其他（正）
菜逼巴,其他（負）
互鬥,害怕
刺耳,其他（負）
懊惱,難過
不想起床,生氣
沒有防備,其他（負）
爽呆,高興
動腦筋到,其他（負）
忍耐,難過
遺體,害怕
天堂,其他（正）
懊悔,難過
一同出遊,高興
放下了,難過
只要再一次這樣,生氣
笑得,其他（正）
去不成,難過
毒性汙染物,生氣
心都碎了,害怕
閒晃,其他（正）
好運,其他（正）
賞心悅目,高興
發冷,其他（負）
邪念,其他（負）
吵三小,生氣
一路落後,害怕
灑脫,其他（正）
制度不良,難過
手賤,生氣
壓力大,其他（負）
打老公,生氣
跪,害怕
怒譙,生氣
視力模糊,生氣
安撫,害怕
自私,生氣
有點悲,難過
茫茫人海,其他（正）
都沒見面,難過
揚言,其他（負）
標準很嚴格,其他（負）
通姦罪,其他（負）
好孤單,難過
告白失敗,難過
心肺功能衰竭,害怕
超級開心,高興
最壞,難過
生命盡頭,害怕
壓力加在別人身上,生氣
闖入民宅,其他（負）
變得更好,其他（正）
爽啊,其他（正）
你想怎樣,難過
放棄很多,難過
再也不敢,害怕
有來生,其他（正）
損傷,難過
有天分,其他（正）
求償,生氣
嚇傻,驚訝
宅氣,其他（負）
任意大小便,難過
能讓我,其他（正）
好無奈,害怕
很好睡,其他（正）
燒死,害怕
趕回,害怕
老半天,生氣
貶意,其他（負）
拒不受理,生氣
接踵而至,其他（負）
獎金,高興
更忙碌,其他（負）
好久沒有,其他（正）
不想上班,其他（負）
一股狠勁,害怕
多會,生氣
等等,害怕
少給我,其他（負）
OTZ,難過
精神不濟,其他（負）
場面話,生氣
萬事起頭難,其他（負）
最愛,高興
償還,其他（負）
所苦,害怕
生氣起來,生氣
省吃儉用,害怕
現在才,生氣
優越感,其他（正）
細心,其他（正）
血絲,害怕
齊備,其他（正）
T︿T,難過
不及看清,其他（負）
印象更是不好,其他（負）
聊上好幾個小時,高興
追上,其他（負）
很難過,害怕
吞下敗仗,害怕
辛酸,難過
找到出路,高興
幾乎消失,其他（負）
連環車禍,生氣
令人難堪,害怕
情緒已抒發,其他（正）
雙手放地下,生氣
甚是嚇人,害怕
照亮整個,其他（正）
擒捕,其他（正）
用力拉,害怕
戲碼,其他（負）
別人死活,生氣
駭進,生氣
舒服,高興
感覺也變了,難過
這麼晚,其他（負）
心生警惕,害怕
好難,其他（負）
割破,其他（負）
沒有等太久,其他（正）
取代,其他（負）
罪嫌不足,其他（負）
淚水早已停不住,難過
動彈不得,害怕
不做了,難過
死纏爛打,其他（負）
猖狂,難過
操你媽,生氣
鐵齒,其他（負）
不會好到哪去,難過
舒暢,高興
騙我,生氣
沒種,難過
馬的咧,生氣
回到,高興
不再牽我的手,其他（負）
深呼一口氣,害怕
個性好,其他（正）
惡魔,其他（負）
你以為,其他（負）
見鬼,害怕
錢潮,其他（正）
完全恢復,其他（正）
命喪火場,害怕
沒禮貌,生氣
衛冕者,其他（正）
參觀,其他（正）
粉刺,其他（負）
有夠胖,其他（負）
全神貫注,其他（正）
要命,難過
罪嫌,其他（負）
差一點,其他（負）
有看沒有懂,生氣
振作,其他（正）
真正理解到,其他（負）
急急忙忙,害怕
態度囂張,難過
難道,其他（負）
沒睡好,難過
竊,生氣
經濟狀況不好,害怕
翻白眼,其他（負）
搶購,高興
蠻難過,難過
溫度,其他（正）
本來還好好的,驚訝
申訴,生氣
緊急控制,生氣
未來的日子,其他（正）
錯過太多,難過
燙傷,難過
能夠正常,其他（正）
好殘忍,難過
妳好不好,難過
睡飽,其他（正）
士氣,其他（正）
一起吃,其他（正）
安息,其他（正）
笑容,高興
搭訕,其他（正）
不動聲色,其他（負）
忍著,其他（正）
讚不絕口,其他（正）
有利可圖,難過
否認,生氣
爆裂聲,害怕
討公道,難過
阿哩不達,其他（負）
憤慨,難過
等不及,害怕
營救,生氣
噗哈,高興
灰色鏈條,其他（負）
在天上看到,難過
寬限,其他（正）
姓邱的,生氣
夠嗆,其他（負）
抓交替,害怕
凶嫌,其他（負）
監獄,其他（負）
瀕臨破表,難過
產生病變,生氣
趕去,害怕
斯文,其他（正）
奇怪的訊息,害怕
遇到你,其他（正）
暈頭轉向,其他（負）
斥罵,難過
反省,其他（負）
妻離子散,害怕
好幸運,高興
不妥,難過
銳利邊緣,生氣
轟趴,其他（負）
撒野,難過
案牘勞形,難過
打點王,高興
好期待,其他（正）
最大的遺憾,害怕
十分震驚,驚訝
慢半拍,難過
焚毀,害怕
執意如此,生氣
又怎麼樣,生氣
被傷過,難過
皮疹,生氣
哭出來,難過
竄火舌,害怕
耗費,其他（負）
按表操課,其他（正）
一絆,其他（負）
無法舉證,其他（負）
趕到,害怕
推辭,其他（負）
任人欺,難過
愛車,其他（正）
離奇,驚訝
哭泣,難過
上任,其他（正）
無動於衷,其他（負）
耶穌,害怕
開開心心,高興
走了之後,害怕
騙幼齒,其他（負）
不想等,其他（負）
不可或缺,其他（正）
哪天你終於,其他（正）
暴增,其他（負）
淪為,害怕
看不清,其他（負）
謝謝上天,高興
不該開始,其他（負）
一生致力於,高興
完全不知,其他（負）
義氣,其他（正）
無法無天,難過
憤,生氣
壓倒,其他（負）
發毛,生氣
蓮花指,其他（負）
瞞天過海,其他（負）
佩服,其他（正）
球迷,其他（正）
最後一天,其他（負）
看醫生,害怕
哭求,害怕
應有盡有,其他（正）
硬開,生氣
喜獲,高興
膽怯,害怕
碎念,生氣
無傷大雅,其他（負）
奢求,難過
別有洞天,其他（正）
蓋布袋,害怕
子宮內膜沾黏,難過
被人,其他（負）
插管,害怕
檢查門鎖,害怕
放水,難過
暫時借來的,難過
不抱什麼期待,其他（負）
漏陷,其他（負）
脫線,其他（負）
貢獻,高興
小天使,其他（正）
管你什麼,生氣
陰了一點,其他（負）
不積極,生氣
救救我,生氣
雖然,其他（負）
超酷,其他（正）
竄出濃煙,害怕
光毒性,生氣
快快好,其他（正）
瞬息萬變,驚訝
不跟別人比較,其他（正）
什麼也不是,生氣
一句話都說不出來,害怕
病毒陽性,生氣
工作認真,高興
執著,其他（負）
要花錢,其他（負）
私人會館,其他（正）
靈前上香,害怕
侵佔,生氣
敬重,其他（正）
夠寬,其他（正）
非常有力,其他（正）
餓到肚子,其他（負）
鬧離婚,難過
睜得很大,驚訝
腎上腺素,害怕
沉迷,其他（負）
回復,其他（正）
無法控制,生氣
背脊一陣涼,生氣
別在這,生氣
想像,其他（正）
感覺變很淡,難過
冒火花,害怕
邏輯對嗎,生氣
拒絕拆遷,生氣
電流竄過,其他（正）
割痕,害怕
真開心,高興
超過,其他（負）
領獎,高興
亂吃,其他（負）
我們之間有一些不,其他（負）
牽女兒手,高興
枉死,害怕
千萬要記得,害怕
犯罪,其他（負）
緊急就醫,生氣
更難過,難過
改不掉,其他（負）
暗示,其他（正）
紓困,其他（負）
美景,其他（正）
從來不喜歡,其他（負）
喜歡我,高興
走掉了,其他（負）
正常的生活,其他（正）
原以為,驚訝
不要期望,其他（負）
沒人傷亡,高興
耍人,難過
對著我吠,害怕
花了這麼多,生氣
扯得上關係,其他（負）
佈滿灰塵,其他（負）
打人,難過
這麼正,其他（正）
擴展,其他（正）
尾隨,其他（負）
哭成,難過
嘎然,驚訝
鼓起勇氣,其他（正）
再嫁,高興
亂咬,生氣
深深睡去,其他（正）
歸根究底,生氣
盡速就醫,生氣
不覺得,其他（負）
被抓到,其他（負）
K他命,其他（負）
病毒,其他（負）
一直在身旁,高興
甜甜的嗓音,其他（正）
垂垂老者,害怕
負荷過重,難過
大改特改,其他（負）
打老婆,生氣
快點放假,難過
沒心思,其他（負）
認了出來,生氣
最先看到,其他（正）
最後一次的見面,難過
激進份子,其他（負）
現在也只是,其他（負）
沒用,其他（負）
軀體全不見,生氣
傳說的,其他（正）
越來越遠,難過
罪過大了,其他（負）
縱使,其他（負）
超越一般,其他（正）
專心做自己的事情,其他（正）
小鬼,其他（負）
飽受輿論批評,難過
遜,其他（負）
兵不血刃,其他（正）
又要開始上班,其他（負）
我們不適合,難過
已經到了,高興
長大,高興
袖手旁觀,其他（負）
絆了一跤,生氣
趕快,害怕
結婚證書,高興
及時,其他（正）
迴避,其他（負）
高額舉債,難過
狹小,其他（負）
拖垮,害怕
哀慟,害怕
坦言,難過
莫忘初衷,其他（負）
不清楚,害怕
死訊,害怕
謝禮,其他（正）
天價,其他（負）
毅立,其他（正）
沒心情,生氣
永遠地失去,難過
還不錯,其他（正）
離婚了,難過
騙得一愣一愣,生氣
丈夫與小三,生氣
茫然,其他（負）
丟給,難過
名符其實,其他（正）
突,驚訝
不能認同,其他（負）
嚇壞,害怕
十分不忍,害怕
婚禮,其他（正）
好餓,難過
很重的呼吸聲,其他（負）
人醜吃草,難過
你這種人,生氣
你在說什麼,生氣
不好的習慣,生氣
不太好過,害怕
囉,其他（正）
無法在,難過
甜蜜,高興
天兵,生氣
心生疑慮,害怕
掌握行蹤,其他（正）
OMG,驚訝
品嚐,其他（正）
不能見面,難過
未老先衰,害怕
還算好,其他（正）
智能障礙,害怕
沒機會,其他（負）
冗長乏味,其他（負）
燒掉,其他（負）
控制火勢,其他（正）
要多加留意,生氣
又髒,其他（負）
總算是,其他（正）
丟了一句,生氣
信任,其他（正）
表現優異,高興
想去,高興
最稱職,其他（正）
講不聽,生氣
你懂得,高興
膽汁,其他（負）
叫不醒,生氣
大奶,其他（正）
找的到,其他（正）
無惡意,其他（正）
個性軟弱,難過
孝順,高興
呆了,其他（負）
吞口水,害怕
苦,害怕
宛如至寶,其他（正）
恐會,生氣
神不知鬼不覺,害怕
謝謝啦,高興
砸了下去,其他（負）
症候群,其他（負）
我幹嘛,生氣
資源,其他（正）
色情,其他（負）
今生所愛,其他（正）
寧死也要,難過
簡單方便,其他（正）
經營,其他（正）
回家過年,其他（正）
感到不適,其他（負）
一度以為,驚訝
倒閉,其他（負）
紅暈,其他（正）
甘甜,其他（正）
直率,其他（正）
奇杷,其他（負）
都不願意,其他（負）
這麼準,其他（正）
怪咖,其他（負）
衝刺,其他（正）
譽為,其他（正）
差點,其他（負）
致命傷,生氣
甚感欣慰,高興
要的人不是我,難過
回家,其他（正）
憂傷,難過
面對自己,其他（正）
快去,其他（負）
無法接受,害怕
摸出頭緒,其他（正）
不生氣,其他（正）
一顆心懸在,害怕
死命,害怕
安眠藥,其他（負）
流下了眼淚,難過
錢花到,其他（負）
薪水都拿走,生氣
打麻將,其他（負）
扯開,害怕
出了一些問題,其他（負）
諱莫如深,其他（負）
恐懼,害怕
沒事+不要,其他（負）
沒有人會,其他（負）
沒有人有,其他（負）
誰都不要,難過
莫非,驚訝
有仇,生氣
囂張行徑,難過
嚴重嗆傷,生氣
意味深長,難過
設備完整,高興
所以不需要,生氣
強烈幻覺,生氣
自白,其他（負）
一片靜默,其他（負）
仍,難過
不喜歡,其他（負）
巨細靡遺,其他（正）
已無夫妻情份,難過
無法割捨,難過
雙手合十,其他（正）
多聊一些,其他（正）
加劇,其他（負）
開心起來,其他（正）
^■^,高興
大心,高興
記著你,難過
尤其是你,生氣
差不多,其他（正）
對自己有利,其他（正）
還給妳,難過
蠻正,高興
輸到,生氣
超級期待,高興
上門求救,害怕
離去,害怕
天然,其他（負）
要有自覺,其他（正）
中鏢,生氣
感到憂心,生氣
亮眼,其他（正）
忘記帶鑰匙,難過
跨越重重障礙,其他（正）
一度誤以為,其他（負）
倒不是,其他（負）
喔喔喔,其他（正）
放槍,其他（負）
唬的,其他（負）
呼籲,害怕
出+名,其他（正）
不可饒恕,生氣
喧鬧,其他（正）
道別時,難過
好心情,高興
不是很方便,其他（負）
子宮頸癌,害怕
老骨頭,其他（負）
唸唸有詞,難過
流露,害怕
唉壓,其他（負）
令人滿足,高興
疲勞,難過
討拍,難過
有我自己,其他（正）
強烈譴責,難過
沾黏,害怕
我難過,難過
站在消費者角度,其他（正）
救護車,害怕
負面教材,難過
同場加映,其他（正）
地震,生氣
全責,其他（負）
歡呼,高興
窗戶都是密閉,害怕
不堪負荷,其他（負）
交往將滿,高興
可以吃豆腐,其他（正）
竄出,其他（負）
無法承受打擊,害怕
紅唇,其他（正）
齁,其他（正）
意氣用事,其他（負）
頭暈,害怕
大聲嚷嚷,難過
糊弄,其他（負）
拭目以待,其他（正）
嚴加控管,害怕
大+富大貴,其他（正）
發抖,害怕
還虧你,生氣
老頭,生氣
亂叫,其他（負）
好聲好氣,其他（正）
嘶啞,其他（負）
體貼,其他（正）
每每想去,其他（負）
雙冠王,高興
別鬧,其他（負）
凹了一大洞,其他（負）
愛得欲生欲死,高興
一竅不通,其他（負）
一無所獲,難過
腹瀉,生氣
愧疚,害怕
獨有,其他（正）
真是太開心,高興
只有更好,其他（正）
我輸你,生氣
防火巷,害怕
大哭,難過
守在電視前,高興
要不要緊,害怕
資深,其他（正）
短路,害怕
下好大,生氣
睡醒,高興
配不上,難過
不甘心,生氣
一片茫然,驚訝
吃上官司,其他（負）
搞錯了,其他（負）
嚴肅,其他（負）
廢棄的,害怕
天使,其他（正）
吩咐小弟,其他（負）
迷途而不知返,其他（負）
愛的權利,其他（正）
紙醉金迷,其他（負）
甩到地上,生氣
接觸毒品,難過
讚美,其他（正）
名氣,其他（正）
一兵一卒,其他（正）
大大的滿足,其他（正）
康復,其他（正）
溫和,其他（正）
人擠人,其他（負）
差別待遇,生氣
沒有指紋,其他（負）
真的假的,驚訝
要誠實面對,其他（負）
變了樣,生氣
每況愈下,害怕
中醫,其他（正）
花好幾天,其他（負）
好印象,其他（正）
嘿嘿嘿,其他（正）
照護,高興
驕傲,高興
洩了行蹤,其他（負）
妖魔,害怕
飽受批評,其他（負）
幹你媽,生氣
自討沒趣,難過
蓄水量偏低,生氣
太平洋沒加蓋,生氣
暴漲,其他（負）
為什麼又,生氣
在等,其他（負）
這下好了,其他（負）
糟糕,其他（負）
震驚社會,生氣
墮胎,害怕
強制回收,難過
再挨,其他（負）
必吃,其他（正）
夠挺,其他（正）
作罷,難過
想省錢,其他（負）
陰霾,其他（負）
沒打算煞車,害怕
猝死,生氣
悅耳,高興
血案,害怕
對話也少了,難過
交往,其他（正）
太幸福,高興
不敢置信,驚訝
絕望,難過
過於頻繁,其他（負）
上億元遺產,驚訝
酒店公關,難過
幹你娘,生氣
禽流感,生氣
太瞥扭,其他（負）
年年歲歲花相似,難過
入圍,其他（正）
繼續過日子,難過
什麼？,驚訝
收益,其他（正）
打籃球,其他（正）
敗家,難過
揭發,難過
驚艷,高興
有氣質,其他（正）
那種,其他（負）
FUCK,生氣
互開玩笑,高興
一舉擒賊,高興
走走,其他（正）
扼腕,害怕
腫包,害怕
陰+謀,生氣
火花,害怕
洩漏,其他（負）
沒上,難過
仁慈,高興
苦無上場機會,害怕
拿生命混飯吃,難過
火苗,生氣
荷槍實彈,其他（正）
沒有回應,其他（負）
從不放棄,其他（正）
賜我,高興
啪地一聲,害怕
冷處理,難過
貝戈戈,生氣
不可輕忽,生氣
利誘,其他（負）
為善者少,生氣
驚奇,驚訝
無暇顧及,其他（負）
揍得,生氣
嘗試著快樂,難過
沒一下子就,其他（負）
悶悶的,難過
不想和妳說話,生氣
沒事,其他（正）
正義,高興
打死我我都不,生氣
沒幾個人來,難過
撐不下去,難過
卸了妝,害怕
到底為何,生氣
貌不驚人,其他（負）
令人不忍,害怕
原本期待,其他（負）
第一次吃到,其他（正）
形同陌路,難過
急忙想與我道別,難過
病史,害怕
改變的力量,高興
金錢流向,其他（負）
煩死了,生氣
心卻碎了,害怕
日前被逮,難過
基督,害怕
股票當壁紙,其他（負）
通緝,其他（負）
印象扣分,害怕
宣告不治,害怕
療癒,其他（正）
汙染,其他（負）
失敗收場,害怕
病倒,難過
一片混亂,生氣
紅包拿來,其他（正）
喜翻,高興
不信這套,其他（負）
不能亂動,害怕
傷,其他（負）
爆料,驚訝
快活,其他（正）
沒人緣,其他（負）
造訪,其他（正）
溜了,其他（負）
空前挫敗,害怕
滲透,其他（負）
不易發覺,生氣
情緒不穩,其他（負）
用力地踩,其他（負）
一點動靜也沒有,害怕
突然,驚訝
比死還要安+靜,其他（負）
續拚,其他（正）
就跑,害怕
好好的平地,害怕
關門,其他（負）
淺層地震,生氣
幹勁十足,其他（正）
下雨,其他（負）
奇妙,其他（正）
視力恢復,其他（正）
營養不良,其他（負）
太爽,高興
順手,其他（正）
還有很多事情,害怕
笑得非常曖昧,其他（負）
陌生,難過
戴不上,其他（負）
痛徹心扉,難過
失物招領,其他（負）
安全降落,其他（正）
拼命努力,其他（正）
失去了意識,其他（負）
壁紙,其他（負）
年紀大了,其他（負）
一轉眼,驚訝
被攻擊,害怕
怕他,害怕
出國旅遊,高興
訂婚,其他（正）
元嬰,害怕
打理,其他（正）
大概不會,其他（負）
人質,生氣
熱門,其他（正）
大聲吼叫,生氣
加油,其他（正）
疫情嚴重,生氣
沒什麼特別的,其他（負）
嗆傷,難過
徹底根除,其他（負）
眼淚,難過
誰也無法,難過
懶的起床,其他（負）
圓滿,高興
停經,難過
自顧自,其他（正）
顛峰,其他（正）
管大家的,其他（正）
穩穩的,其他（正）
甩開,其他（負）
輾轉難眠,難過
你也從未想知道,生氣
錄影存證,生氣
還以為,其他（正）
洗腎,害怕
趕了過去,害怕
消除疲憊,其他（正）
最為反對,難過
太猛,其他（負）
拍拍,其他（正）
靈異事件,害怕
乾嘔,害怕
幹機掰,生氣
調養身體,其他（負）
什麼期待,其他（負）
吃屎,生氣
不想繳費,生氣
事態嚴重,生氣
奔回,害怕
不適合,其他（負）
=+=,其他（負）
嚷,其他（負）
踢椅子,其他（負）
迎刃而解,其他（正）
喜獲麟兒,高興
躲藏,其他（負）
安分,其他（正）
縱然,其他（負）
給你喝,其他（正）
咽了一口口水,害怕
殺人重罪,難過
再不搞定,害怕
真的很開心,高興
沈默良久,難過
才不想,其他（負）
聯絡不成,其他（負）
老公打老婆,生氣
煥然一新,其他（正）
請喝涼的,其他（正）
生命教育,其他（正）
血池,害怕
和樂,高興
一氣之下,難過
這點就夠了,其他（正）
墮落,害怕
沒綁安全帶,難過
很蠢,其他（負）
連上了幾天班,其他（負）
BUG,其他（負）
輕柔嗓音,其他（正）
送醫急救,生氣
加碼金,其他（正）
關機,其他（負）
自信,其他（正）
都沒關係,其他（負）
自保,生氣
生活困苦,害怕
怪別人,生氣
偷運,難過
會不爽,生氣
一片空白,生氣
一槍一彈,其他（正）
染血,生氣
沒胃口,難過
現在卻,其他（負）
正當我,驚訝
很舒服,高興
嚇了一大跳,驚訝
血淚,難過
戾氣,害怕
壓抑,其他（負）
本,害怕
一無所知,其他（負）
侷限,其他（負）
不存在了,其他（負）
為什麼還要,難過
每賣,其他（正）
淡淡的笑著,高興
胡說+八道,生氣
奇幻,驚訝
不收錢,其他（正）
工作量大減,害怕
碰頭,其他（正）
卻沒人,其他（負）
不遲,其他（正）
渺無人煙,害怕
落跑,害怕
天然環保,其他（正）
羨慕,難過
血海,害怕
已分居,害怕
拉到一旁,其他（負）
最後一次,難過
莫名的空虛,難過
神啊,害怕
印象深刻,其他（正）
混濁,其他（負）
不會自己,生氣
缺點,其他（負）
腦海一片空白,害怕
動粗,難過
不通,其他（負）
未能,害怕
沒好到哪裡去,生氣
不斷傳開,驚訝
美夢,高興
滑稽,其他（正）
桃花符,害怕
打掃了家裡,其他（正）
擦撞,其他（負）
保佑,高興
等了,其他（負）
鎩羽而歸,害怕
被罵,其他（負）
大意不得,生氣
神回,驚訝
作祟,其他（負）
酒店經紀,難過
美好,高興
很害怕,生氣
美女,其他（正）
虛弱,難過
鬧自殺,害怕
慘遭,難過
溫暖你心,其他（正）
有的沒有的,其他（負）
庸人自擾,其他（負）
屍體,害怕
曲終人散,難過
發威,其他（正）
小有名氣,其他（正）
我以為我夠,其他（負）
虛心,其他（正）
應道歉,高興
假的,生氣
送達,其他（正）
不熟練,其他（負）
無關緊要,其他（負）
空屋,害怕
早日康復,高興
回憶,其他（負）
一場誤會,其他（負）
醒了,其他（正）
瘋子,害怕
灼傷,難過
關著燈,其他（負）
最後一根稻草,害怕
經濟不好,難過
回不來了,害怕
體液,生氣
扔下海,其他（負）
民怨,難過
重回正常,其他（正）
忘形,其他（負）
動手玩,高興
做更好的,其他（正）
等整整,生氣
天下無不散,難過
酒醉,其他（負）
別太在意,其他（負）
好想可以不用,難過
一個人的悠閒,其他（正）
大方,其他（正）
不貼心,生氣
神清氣爽,高興
求救,害怕
友善,高興
馬上過來,其他（負）
人倫悲劇,害怕
最危險,生氣
好好活著,其他（正）
油然而生,其他（負）
贏錢,其他（正）
滔滔不絕,其他（負）
只剩,害怕
是不是,生氣
疫情持續,生氣
不領情,難過
妄想,其他（負）
該放棄,難過
好想抱抱,害怕
毆打,難過
不打算,其他（負）
最高分,高興
伸手不見五指,害怕
發寒,害怕
一個人的時候,其他（負）
看著大家的,其他（負）
聖戰,生氣
應付,其他（負）
大敵,其他（負）
死不瞑目,難過
慘重,難過
坐冷板凳,害怕
愛一次,其他（正）
復元迅速,其他（正）
樂在其中,高興
臃腫,其他（負）
追查,其他（負）
炸毀,害怕
回想,難過
好重要,高興
遵守交通規則,其他（正）
機掰,生氣
打烊,其他（負）
抗氧化,其他（正）
凶殘,害怕
敘舊,其他（正）
傲人的紀錄,其他（正）
癱瘓,其他（負）
拒絕我的態度,生氣
婚外情,生氣
首度開放,高興
瞭解,其他（正）
尚未脫離險境,生氣
被煩,生氣
牽起我的手,高興
充滿期待,其他（正）
發呆,其他（負）
生平最恨,生氣
沒做好,其他（負）
嘗嘗看,其他（正）
燒傷,害怕
溺水身亡,害怕
面臨,其他（負）
鑽石級,其他（正）
別指望,其他（負）
腦中一片空白,害怕
聽聽就好,其他（負）
苦無機會,害怕
扯的是,生氣
不會去自己,生氣
一切都會,其他（正）
邋遢,其他（負）
扣薪,其他（負）
驚訝,驚訝
不是嗎,其他（負）
未獲改善,難過
流逝,其他（負）
鬼迷心竅,害怕
更好的,高興
這樣下去,其他（負）
健全身體,其他（正）
嚇死,害怕
下海陪酒,難過
勃然,生氣
沒有人,其他（負）
大雜膾,其他（負）
有笑,高興
肯定和認同,其他（正）
心跳會漏拍,高興
奧客,生氣
不幹了,難過
煽動,其他（負）
想想,其他（負）
太複雜,害怕
存款不足,生氣
紅到,高興
姊弟戀,高興
指教,高興
亂搞,生氣
生命危險,害怕
沒有你,其他（負）
一個人吞下,其他（負）
衝了出去,害怕
路用,其他（負）
很幸福,高興
餓肚子,害怕
天賦,其他（正）
激發,其他（正）
幻想,其他（負）
早就,其他（負）
婉拒,其他（負）
見面的次數逐漸變少,其他（負）
我們打他,生氣
懊悔不已,難過
(+′-`)y,其他（負）
為了生活而努力,其他（正）
故意不還,難過
拍桌,難過
罰款,難過
昏了過去,難過
試試看,其他（正）
跟隨,其他（正）
不像其他,其他（負）
介紹正妹,其他（正）
慢性疾,生氣
厚重,其他（負）
過目,其他（正）
可不可以給我,害怕
急遽惡化,生氣
雋刻,高興
志向不同,其他（負）
不是給你們這種,生氣
又不是沒,其他（負）
因病過世,害怕
乾乾淨淨,其他（正）
收不完,其他（負）
楞楞,其他（負）
迷路,其他（負）
盡了全力,其他（正）
收了錢,其他（負）
被炒,其他（負）
人緣也很好,其他（正）
須動刀,害怕
我明白了,難過
?!,驚訝
神奇,驚訝
誓言,其他（正）
最幸福,高興
出事,生氣
不太樂觀,害怕
破涕為笑,高興
奇怪的,害怕
超自然現象,害怕
全都不會,其他（負）
讓它去,難過
獨到,其他（正）
搶去分,生氣
去挑戰,其他（負）
刀尖,生氣
糾正,難過
過當,難過
寵溺,其他（正）
總被以為,其他（負）
賭覽,生氣
不告而,其他（負）
沒有窗戶,其他（負）
傷心極了,難過
風趣,其他（正）
沒有父親的,其他（負）
幸有,其他（正）
好端端,其他（負）
長槍,害怕
勸,其他（負）
焦屍,害怕
靠著,高興
竄改,其他（負）
不要再想著,生氣
蠻成功,其他（正）
陪著你作夢,其他（負）
吸吮,其他（正）
期望太大,其他（負）
告狀,難過
不方便多談,其他（負）
丟在路邊,害怕
重燃火花,高興
不良示範,難過
腿一軟,害怕
興師問罪,難過
想不開,難過
最舒服,其他（正）
用心,其他（正）
搞得定,其他（正）
明明是,其他（負）
逼使,其他（負）
卻不會說,生氣
失去你,難過
控制自己,其他（正）
買來放生,其他（負）
懼怕,害怕
心理技巧,其他（負）
才行,其他（正）
強上,其他（負）
罹,害怕
失血過多,生氣
如膠似+漆,高興
驚見,驚訝
無法工作,害怕
語帶威脅,難過
共舞,其他（正）
計較,其他（負）
謝謝各位的支持,高興
幫不了,難過
來路不明,生氣
路燈也照不到,害怕
糖尿病,害怕
和樂融融,高興
驚覺,驚訝
告別式,難過
怎麼可能,驚訝
空蕩蕩,其他（負）
指望,其他（負）
踢爆,其他（負）
收到紅單,其他（負）
曬恩愛,高興
調閱監視器,其他（負）
不樂見,其他（負）
擱淺,其他（負）
眼見,生氣
不能住人,其他（負）
不希望看見,其他（負）
太輕鬆,其他（正）
怕會有糾紛,其他（負）
情況緊急,害怕
勞碌,難過
歡慶,高興
別作亂,生氣
和解,高興
足不出戶,害怕
影響到,其他（負）
不見陽光,其他（負）
沒營養,其他（負）
令人意外,驚訝
案情未明朗,其他（負）
夜班,其他（負）
讓自己開心,其他（正）
防腐劑,其他（負）
沒有那回事,難過
沒發現任何侵入的痕跡,其他（負）
鮮血,害怕
省下,其他（正）
諜對諜,其他（負）
遺腹子,難過
管得比較嚴,其他（負）
笑了出來,其他（正）
肅殺,害怕
平安回家,高興
要徹底做好,其他（負）
這麼多,驚訝
太突然,驚訝
絕對不要,其他（負）
沒有妳的存在,其他（負）
滋擾,難過
插車,生氣
以為你會回來,生氣
看不上眼,其他（負）
沒辦法出去玩,其他（負）
騙子,其他（負）
鎖起來,其他（負）
如願,高興
>///<,其他（正）
卻無法,害怕
砍斷了一半,其他（負）
敗在,難過
最好,其他（負）
沒有勇氣,害怕
油光滿面,其他（負）
比較恐怖,害怕
溫柔,其他（正）
快掛,其他（負）
猛按,生氣
增加罹患,生氣
除了,其他（負）
強烈的睡意,其他（負）
穩住,其他（正）
態度差,生氣
減輕噪音,其他（正）
仍造成,害怕
最早到,其他（正）
發傻,其他（負）
記住這,其他（正）
考慮一下,生氣
配合我,其他（正）
末日,生氣
上當,生氣
蒙面,害怕
忙這鳥事,生氣
我都不行,難過
笑意,高興
最高分紀錄,高興
困惑的笑,高興
暈了過去,難過
一眼認出,驚訝
殺身成仁,其他（負）
誰不是如此,其他（負）
滋事,其他（負）
混有,其他（負）
戒毒成功,其他（正）
另找別人,難過
一把鼻涕,害怕
精緻,其他（正）
斷氣,害怕
毛骨悚然,害怕
這一炮,其他（負）
希望你懂,其他（正）
刀子,害怕
黯然,害怕
徒勞無功,其他（負）
背上一堆罵名,生氣
可靠,其他（正）
聊天,其他（正）
聊太,其他（負）
很臭,其他（負）
形跡可疑,其他（負）
從沒想過,其他（負）
有害身心健康,其他（負）
邪惡,生氣
飆罵,難過
親近,其他（正）
浩浩蕩蕩,其他（負）
多好,其他（正）
正面幫助,高興
夭壽,生氣
抱我,其他（正）
攻進,害怕
最多安打,其他（正）
心痛不已,害怕
苦無證據,害怕
障礙,其他（負）
溫暖,其他（正）
終究還是發生,害怕
像極,其他（正）
訴求,難過
泣訴,害怕
拳打腳踢,生氣
聽不懂,其他（負）
忘記自己職責,生氣
環境很差,害怕
約定好的,其他（正）
恢復理智,其他（正）
顧人怨,其他（負）
我愛妳,高興
快意,高興
酗酒,生氣
不會走掉,其他（正）
融化,高興
告白,高興
該做的,其他（正）
遮風避雨,其他（正）
暗中,害怕
凶手,生氣
好想你,難過
哇咧,生氣
淌著,其他（負）
接觸不良,其他（負）
來去自如,其他（正）
生死殊途,害怕
手尾錢,難過
變更好,其他（正）
賣生氣,害怕
=_=,其他（負）
蠻有趣,其他（正）
不自在,其他（負）
洩恨,難過
任務已經完成,其他（正）
賀槍實彈,害怕
申請已經通過,其他（正）
要把你放下,難過
腳印通往,害怕
豬,生氣
沒走樣,其他（正）
令人暈眩,高興
獨立扶養,害怕
愣愣,其他（負）
徹底放棄,難過
杯水車薪,其他（負）
夠深,其他（正）
無法自理,害怕
頭回,驚訝
被掏光,難過
酒駕,生氣
最危害等級,生氣
誰會相信,其他（負）
人有人道,害怕
迫不及待,高興
捐款,其他（正）
心虛,生氣
^_^,其他（正）
弊案,難過
失了,害怕
失事,生氣
太瘋狂,驚訝
握手言和,高興
儘管,其他（負）
一把抓住我,害怕
事事順心,高興
見不到,難過
珍惜,其他（正）
不常回家,難過
哼,生氣
老母親,害怕
討厭,生氣
不見人影,生氣
海闊天空,其他（正）
理直氣壯,生氣
啞口無言,其他（負）
忽視,難過
人肉,害怕
每天擁有,其他（正）
想不透,害怕
沒有辦法去,生氣
憾事,害怕
但實在,害怕
惹得,難過
我害的,難過
哇嗚,其他（正）
水位直直落,生氣
虔誠,其他（正）
不吉利,其他（負）
關懷,其他（正）
哭哭,難過
濫,生氣
欲擒故縱,其他（負）
勝利,高興
判刑,難過
隨它去,其他（負）
盡快,其他（負）
關愛,高興
怪味,害怕
把關不嚴,生氣
好不容易,其他（負）
凌晨三點多,害怕
停止供水,生氣
滴血,害怕
寒流來襲,生氣
炸掉,害怕
偏見,其他（負）
自知理虧,害怕
不講理,生氣
能力有限,其他（負）
滿天星斗,其他（正）
讓自己更好,其他（正）
沒新招,生氣
狹小的空間,其他（負）
一起混,其他（負）
蠻爽的,高興
多久沒有看到你,難過
幫助別人,其他（正）
半毛錢,其他（負）
能這樣一直下去,高興
變苗條,高興
搖頭嘆息,害怕
反常,害怕
埋了,其他（負）
一臉怪異,其他（負）
緊急疏散,生氣
但願,其他（負）
闖進,其他（負）
相信你,其他（正）
整潔,高興
痛哭,害怕
尋尋覓覓,難過
隔離,其他（負）
最理想,高興
出國,高興
不予回答,其他（負）
關了手機,其他（負）
盯,其他（負）
披露,其他（負）
背離承諾,難過
@@,其他（負）
王八,生氣
幕後操縱,其他（負）
可不是每一個,其他（負）
沒有回,其他（負）
尋仇,其他（負）
新衣,高興
再來做,其他（正）
祝我們,其他（正）
流血,生氣
吃得死死的,生氣
很高興,高興
偏執狂,其他（負）
難以挽救,害怕
掉了,其他（負）
殺案,生氣
很好吃,其他（正）
滿心,高興
滿臉是血,害怕
禮貌,其他（正）
人在哪裡,害怕
喜歡你哪一點,高興
騷擾,生氣
幸運地,其他（正）
沒差,其他（正）
大玩,高興
撂下狠話,難過
見狀,生氣
抨擊,難過
打昏,其他（負）
搞+錯了,生氣
不聽話,難過
提防,其他（負）
難看,其他（負）
冷靜點,其他（負）
食安基金,難過
已經夠了,難過
風險,生氣
撲滅,其他（正）
剪下阿嬤的左腳,害怕
好說話,其他（正）
快死了,生氣
反彈,難過
沒思考能力,其他（負）
五體投地,其他（正）
送,高興
有感情,難過
美人,其他（正）
瞬間,驚訝
寶寶,其他（正）
做愛,其他（負）
滿座,高興
啼笑皆非,其他（負）
太慘,其他（負）
見怪不怪,其他（負）
埋伏,其他（負）
洋洋得意,其他（正）
好的開始,其他（正）
疲累,難過
跳了起來,害怕
款待,其他（正）
負氣,生氣
動脈血管硬化,難過
鏗鏘有力,其他（正）
忽隱忽現,害怕
怎麼不能,生氣
報銷,其他（負）
成人用品,其他（負）
歡笑,高興
良好,其他（正）
抗旱,生氣
恐怖襲擊活動,生氣
不爭氣,其他（負）
一堆,其他（負）
小鹿亂撞,高興
笑翻,高興
震驚,驚訝
問題很嚴重,其他（負）
太遲了,其他（負）
到底怎樣,生氣
排山倒海,害怕
悲憤,生氣
焦心,害怕
身體狀況不是很好,難過
鬧事,害怕
熱淚盈眶,難過
專業形象,其他（正）
命中率高達,其他（正）
幫忙,高興
怪力亂神,生氣
不代表,其他（負）
沒有任何回應,其他（負）
闖進來,其他（負）
古怪,其他（負）
渴望,其他（正）
打斷,生氣
深夜,其他（負）
太扯,生氣
回天乏術,害怕
朝夕相處,其他（正）
移送法辦,其他（負）
命定,其他（負）
不會停止,其他（負）
兩眼亮光,其他（負）
可以一直下去,其他（正）
煩耶,生氣
鎖定,其他（負）
大火,生氣
公然侮辱,難過
殺機,其他（負）
這樣,其他（負）
約吃飯,其他（正）
視死如歸,其他（負）
赫見,驚訝
不要輕易嘗試,害怕
照顧,高興
不言而喻,其他（正）
處理好,其他（正）
搞混,其他（負）
不久的將來,其他（正）
斬妖除魔,其他（正）
握手,其他（正）
修正,其他（正）
自盡,害怕
阿哈,其他（正）
尬車,難過
假面具,生氣
予取予求,難過
謠言,其他（負）
不太會表達情感,其他（正）
栽培,高興
天方夜譚,驚訝
超開心的啦,高興
握拳,其他（正）
超爽der,高興
十大,其他（正）
假掰,其他（負）
下大雨,其他（負）
一點一點的接近,害怕
好好的活下去,其他（正）
啃老族,難過
無可奈何,害怕
多學學,其他（正）
多辛苦,難過
交通方便,其他（正）
守護,其他（正）
童話風格,其他（正）
背部涼涼,害怕
崩跌,其他（負）
都行,其他（正）
裝作,其他（負）
發生關係,其他（負）
喝了酒,其他（負）
鋒利的刀刃,害怕
奢侈,其他（負）
一切都很順利,其他（正）
性生活不協調,難過
擴大舉行,其他（正）
好化解,其他（正）
你不現身,其他（負）
晨浴,其他（正）
健康狀況良好,其他（正）
深深希望,生氣
荒唐,生氣
怪東西,其他（負）
空了,其他（負）
擅長,其他（正）
有點誇張,其他（負）
掃了大家的興,難過
怎麼都沒有,生氣
唬小,生氣
哭得太慘,難過
大聲咆哮,難過
罵了,生氣
比較暗,其他（負）
維護,高興
生氣,難過
冷冷,害怕
飢餓受凍,害怕
還願,高興
羞澀,其他（負）
蠻喜歡,高興
樂於助人,高興
盲人,害怕
貼心,高興
好講話,其他（正）
淡定,其他（正）
隱隱傳來,害怕
哭了,難過
無法挽回,難過
遍尋不著,難過
實力堅強,高興
往往比,其他（負）
查緝不力,難過
異想天開,其他（負）
疏忽,其他（負）
太早,其他（負）
哭亡,其他（負）
挖苦,其他（負）
濺血,生氣
獰笑,其他（負）
不肯,其他（負）
輕易相信,其他（負）
白癡,生氣
肌溶解,生氣
時間晚了,其他（負）
打手,難過
干,生氣
畢竟,其他（負）
陰陽二仙,害怕
感覺變了,難過
賄賂,難過
痛哭流涕,害怕
悠悠哉哉,高興
泡在電腦桌前,其他（負）
好想哭,難過
動力,其他（正）
白皙,其他（正）
務實,其他（正）
素行不良,難過
死亡多時,害怕
出動,其他（負）
打拼,其他（正）
入不敷出,害怕
白目,生氣
吼著,其他（負）
最令人難過,難過
如臨,其他（負）
飆粗口,生氣
還是可以笑,難過
假日,其他（正）
不耐,其他（負）
崩╰(〒皿〒)╯潰,生氣
都沒有了,難過
強勢,其他（負）
明亮,其他（正）
肏,生氣
有了起色,其他（正）
就那樣了,其他（負）
寫生,其他（正）
哭了起來,難過
補槍,其他（負）
誠懇,高興
秒回,高興
小菜一疊,其他（正）
受限於,其他（負）
...,其他（負）
樂觀,高興
頭七,其他（負）
捨不得,難過
收穫滿滿,其他（正）
滔滔不決,其他（負）
完全不能溝通,其他（負）
燒了,其他（負）
像狗,害怕
平淡,其他（負）
好夥伴,其他（正）
被激,生氣
獨力照顧,害怕
有效,高興
壓力更大,其他（負）
傳出,驚訝
笑答,高興
陽間,害怕
入榜,高興
偷來的,生氣
經濟壓力蠻重,其他（負）
拆除,其他（負）
一肚子火,生氣
精明,其他（負）
互相排斥,其他（負）
我就知道,生氣
送~,其他（正）
全心全意,其他（正）
沒有誰敢,其他（負）
怎麼會,其他（負）
一路做下去,其他（正）
體質靈敏,生氣
笑笑,其他（正）
萬事小心,害怕
花錢消災,其他（正）
漫天,其他（負）
真摯,其他（正）
吃人,害怕
寵物,其他（正）
護佑,其他（正）
緝捕,其他（正）
不客氣的,難過
床戰,其他（負）
至少,其他（正）
忘了,其他（負）
又遇上,其他（負）
很快樂,高興
痠麻,生氣
等待,其他（負）
見諒,其他（負）
沒一個感激,其他（負）
感情的事沒有對錯,難過
最後一秒,害怕
支援,高興
做錯,其他（負）
瞬間就停了,害怕
不想放棄,其他（正）
雙下巴,害怕
操,生氣
才注意到,驚訝
想休假,害怕
想罵,生氣
了許久,其他（負）
要過年了,高興
但你沒有,生氣
疾病接踵而至,害怕
髒話,生氣
不良,其他（負）
缺水,生氣
給予祝福,其他（正）
從遠到近很快,害怕
付點代價,其他（負）
幹掉,其他（負）
搓揉,其他（負）
笑稱,高興
魔鬼,其他（負）
好好休息,其他（正）
玩具,高興
英靈,害怕
健康亮紅燈,害怕
出入複雜,其他（負）
呼喚,其他（正）
發現不對,害怕
放棄很多機會,難過
批,難過
困惑,其他（負）
黑暗裡,害怕
燙手山芋,難過
衝擊,其他（負）
亂甩,其他（負）
史上留名,其他（正）
照到紫外線,其他（負）
爭艷,其他（正）
抓的緊緊的,其他（負）
白眼,生氣
豪邁,其他（正）
好多了,其他（正）
一點意義都沒有,生氣
無法自拔,難過
反噬,害怕
最甜蜜,高興
好好聽你,高興
不足,難過
入侵,其他（負）
著急,害怕
逮捕歸案,高興
胸有成竹,其他（正）
自卑,害怕
皇室,其他（正）
啊啊啊,其他（正）
欺侮,難過
深化,其他（正）
生怕,害怕
罰站,難過
就地埋葬,害怕
藏匿,其他（負）
已經分手,難過
安份,其他（正）
啃咬,害怕
趕緊,害怕
沒想到,驚訝
流血過多致死,生氣
做義工,高興
疑心病,其他（負）
我愛你,高興
出現紅疹,生氣
好壞參半,其他（負）
罪名成立,其他（負）
祭五臟府,其他（正）
出問題,生氣
更不可能,其他（負）
長的可愛,其他（正）
林阿嬤,生氣
沒動腦,其他（負）
新身份,其他（正）
追著人跑,害怕
懷有身孕,高興
控,生氣
懷恨在心,難過
告慰,高興
通體舒暢,其他（正）
玩得,高興
欲罷不能,其他（正）
要幹嘛,其他（負）
沒有傷口,其他（正）
談何容易,害怕
結束了,難過
那麼陰,害怕
隨便講,生氣
濺血校園,生氣
愉悅,高興
罹難者,害怕
一不留神,害怕
青春痘,其他（負）
睡過頭,其他（負）
探望,其他（正）
為我好,其他（負）
山妖,害怕
第一次戀愛,高興
白皙無瑕,其他（正）
拜個,其他（正）
禍從口出,生氣
沾沾自喜,高興
提點,其他（正）
每送,生氣
是你沒有,其他（負）
騙人,生氣
休假,其他（正）
危險,其他（負）
冒出濃濃白煙,生氣
添購,其他（正）
魔鬼身材,高興
該認清,生氣
太嚴肅,其他（負）
擊退,其他（正）
很自然,其他（正）
謹言慎行,生氣
譴責,難過
你變了,難過
擱置,其他（負）
變得很精,生氣
不須指望,其他（負）
毫無作為,難過
直盯著,其他（負）
喪葬,害怕
逼得,害怕
說教,其他（負）
過敏,難過
粉絲,其他（正）
沒有+人,其他（負）
你全拿走,難過
天災,害怕
很小心,害怕
很雜,其他（負）
不要做傻事,害怕
僅存,其他（正）
省得,其他（負）
腹部痙攣,生氣
又如何,生氣
再也見不到,難過
揮一揮手,其他（正）
要檢討的是,其他（負）
引誘,其他（負）
睜大眼,害怕
蓬勃發展,高興
車速快,生氣
還難,其他（負）
最佳,其他（正）
尖銳,生氣
在意,其他（負）
沒什麼,其他（負）
完整家庭,其他（正）
羞愧,難過
錯過,害怕
殺戮,害怕
還沒來得及,害怕
一走百了,其他（負）
反咬,難過
樂開懷,高興
獲獎,其他（正）
別人都可以,生氣
腐敗,其他（負）
等到,其他（負）
謊報,生氣
找得到,其他（正）
指甲彩繪,其他（正）
殊不知,驚訝
被車撞死,害怕
放任,其他（負）
和我打招呼,高興
過於,其他（負）
準確命中,高興
重要的人,其他（正）
被控,其他（負）
殺手,生氣
停擺,其他（負）
道德責任,其他（負）
全壘打,高興
應召,其他（負）
丟在地上,其他（負）
皮在癢,生氣
放不下心,害怕
突然間,驚訝
痛心,害怕
打氣,高興
建議,其他（正）
小菜一碟,其他（正）
強忍,難過
散盡家產,害怕
速速退去,其他（負）
被批,難過
雄才大略,高興
快速累積,其他（正）
不得而,其他（負）
驚駭,害怕
婚姻,其他（正）
貪戀,生氣
花這麼長時間,難過
怎麼不想想,生氣
自傷,其他（負）
十分滿意,高興
走音,其他（負）
一路好走,其他（正）
賞花,其他（正）
就走了,難過
大礙,其他（負）
信用額度已透支,生氣
還是可以,其他（正）
正襟危坐,其他（正）
不歡而散,難過
無法置信,驚訝
默默地,難過
討回公道,難過
被抓,其他（負）
反嗆,難過
沉入大海,其他（負）
自私自利,生氣
無法查覺,驚訝
殘缺,其他（負）
隨興,其他（正）
否定同性戀,其他（負）
沒品,生氣
軟土深掘,生氣
巧合,其他（正）
千千萬萬,其他（負）
不解,其他（負）
丟官,害怕
以免觸法,其他（負）
回心轉意,其他（正）
加班,其他（負）
慎選,其他（正）
涉案,其他（負）
沒交過男友,驚訝
自在,高興
良咒,其他（正）
角質,其他（負）
好刺眼,其他（負）
並沒有,其他（負）
困擾,其他（負）
斥喝,難過
一時好奇,其他（負）
之外,其他（負）
不可思議,驚訝
上鎖,其他（負）
之夜,其他（正）
忠實,其他（正）
抹煞,其他（負）
不親,難過
嘴臉,生氣
可處,其他（負）
疼命命,其他（正）
聽不下去,難過
疾駛,害怕
察覺,驚訝
不見,難過
接受,其他（正）
經典,高興
動容,高興
藏在,其他（負）
病了,其他（負）
不亮或沒開,害怕
欺負人,難過
最熱情,高興
合我胃,其他（正）
突如其來,驚訝
騙觀光客,生氣
這麼久,難過
冤魂,害怕
斷線,其他（負）
巨獸,其他（負）
幫兇,其他（負）
平常不會有人,害怕
抗議,生氣
喜愛,高興
不耐煩,生氣
吵的很,其他（負）
誤以為,其他（負）
初步研判,其他（負）
背後,其他（負）
猛獸,其他（負）
歡喜,高興
等了你,生氣
根本沒法,其他（負）
太淺,其他（負）
陰溝裡翻船,其他（負）
精液,其他（負）
良善,高興
自嘲,其他（正）
傻b,生氣
走的時候,難過
利用別人,生氣
耽誤我,難過
不堪入目,害怕
自己陪著我自己,其他（正）
人氣飆升,其他（正）
附和,其他（正）
難保,其他（負）
屍臭,害怕
趕出門,生氣
顏色瞧瞧,其他（負）
母親,其他（正）
卻不陪,難過
要不然,其他（負）
快跟我來,害怕
有感地震,生氣
生日,高興
被擄,生氣
引起,其他（負）
手感發燙,其他（正）
不要想太多,其他（正）
卡彈,生氣
更愛自己,其他（負）
不想再,難過
跑了,害怕
粗茶淡飯,其他（正）
快樂許多,高興
探探,其他（正）
尋找下個,難過
生效,其他（正）
臨時抱佛腳,其他（負）
很酷,其他（正）
貶低,其他（負）
不蘇湖,難過
簡短有力,其他（正）
等了那麼久,難過
按喇叭,其他（負）
庇護住所,其他（負）
求診未果,害怕
掉以輕心,其他（負）
運用,其他（正）
立馬,其他（正）
挖角,其他（正）
把脈,其他（正）
傳奇,高興
反倒,生氣
陪你去逛,高興
揮刀,害怕
好不好,其他（正）
沒有精神,難過
豪雨,其他（負）
無確切證據,其他（負）
堅強一點,其他（正）
確保,高興
避重就輕,其他（負）
跳票,難過
精神虐待,難過
難道還要,生氣
凶狠,其他（負）
最後道別,難過
應下架,難過
空無+一人,害怕
血癌,害怕
時髦,其他（正）
屬於自己的,其他（正）
屁用,其他（負）
不求快,其他（正）
不敢找,害怕
回禮,其他（正）
少給我一點希望,難過
留在自己,其他（正）
釘子戶,其他（負）
大爆笑,高興
離我而去,難過
看不見,其他（負）
下課,高興
大少爺,高興
蓋魂,其他（負）
滿臉哀傷,害怕
賜給,高興
看起來好好吃,高興
沒那個臉,難過
不諱,其他（負）
奶粉錢,其他（正）
連莊,高興
曖昧,其他（負）
幫助,高興
要死了,害怕
昂貴,其他（負）
避開,其他（負）
二話不說,其他（負）
欸,驚訝
特殊,其他（負）
引發各界議論,難過
不像想的那麼容易,其他（負）
享年,害怕
極端思想,其他（負）
情緒躁動,難過
沒好好利用,其他（負）
什麼也得不到,生氣
背脊一陣發麻,害怕
來回踱步,害怕
感興趣,高興
痛宰,其他（負）
為了怕,害怕
助益,其他（正）
很多女孩喜歡你,其他（正）
想睡,其他（負）
凶猛,其他（負）
走錯,其他（負）
不是沒有發生過,其他（負）
開個玩笑,其他（負）
並沒有不一樣,其他（負）
賴到,生氣
不詳,其他（負）
犯法,其他（負）
一片漆黑,生氣
不需要知道,生氣
神佛,其他（正）
一嗆,其他（負）
寬拓無涯,其他（正）
吊車尾,其他（負）
無法保持冷靜,害怕
怪病纏身,害怕
緊急會議,生氣
記不太住,其他（負）
瞬間消失,生氣
不怎麼正經,其他（負）
贊+助,其他（正）
陰陽眼,害怕
也從不,其他（負）
幻覺,其他（負）
父母打小孩,生氣
滅團,其他（負）
還沒,其他（負）
最幸運,其他（正）
尋根溯源,其他（正）
怎麼開始,驚訝
不敢前進,害怕
滾出去,生氣
蹤影,其他（負）
想衝,其他（正）
有任何後援,其他（負）
一口氣,其他（正）
很嚴重,其他（負）
很厲害,其他（正）
吐了一地,害怕
終於能明白,其他（負）
冤枉,難過
亂走,其他（負）
萬歲萬歲萬萬歲,其他（正）
鬼壓床,害怕
征服全球,其他（正）
生不逢辰,難過
團團包圍,其他（負）
疫情,生氣
紛紛,其他（正）
憂鬱纏身,害怕
水鬼,害怕
吉祥如意,其他（正）
心好空,難過
賠上,害怕
顯瘦,其他（正）
義舉,高興
太過,其他（負）
很氣,難過
人潮,其他（正）
把我掐死,生氣
淒厲哭聲,害怕
在那邊,生氣
見死不救,難過
笑咪咪,高興
儘管你明白,難過
沒事了,其他（正）
閃失,其他（負）
有錢,其他（正）
造成老花眼,生氣
誘惑,其他（負）
忙到半夜,難過
打哈欠,其他（負）
有種不要,生氣
受困,生氣
而逝,其他（負）
怎麼都,其他（負）
鬼,其他（負）
碰的一聲,害怕
一一低頭,害怕
找碴,生氣
不錯看,其他（正）
跑百米,高興
未果,其他（負）
家家有本難念的經,難過
妖孽,生氣
掩埋,害怕
生命無價,害怕
不適合生存,其他（負）
招搖撞騙,生氣
相敬如賓,高興
女生該做,其他（負）
不顧一切,其他（正）
啾啾,高興
很傷心,害怕
找不到,其他（負）
陷太深,難過
歐趴,高興
厲鬼,害怕
顯眼,其他（負）
賠你,其他（負）
不值得,難過
好歹也有,難過
非常辛苦,難過
幾乎沒有人來,其他（負）
病癒後,高興
不理,其他（負）
墓園,害怕
赫然發現,驚訝
忍受,難過
啜泣,難過
goodbye,難過
啊咧,驚訝
藥物治療,難過
不知,驚訝
滿意外,驚訝
便捷,其他（正）
沒有交情,其他（負）
救人,害怕
不治身亡,害怕
真的很痛,難過
躲掉,其他（負）
癌症,生氣
完善,其他（正）
要小心,生氣
爛人,生氣
成功騙過,其他（負）
救了,其他（正）
柺杖,其他（負）
快速上手,其他（正）
半夜,其他（負）
論及婚嫁,其他（正）
完成,其他（正）
威嚇,生氣
喘口氣,害怕
吞沒,其他（負）
我們的錯,害怕
露出馬腳,生氣
拍拍屁股走人,生氣
有感而發,難過
蹉跎,難過
糟了,害怕
拯救,其他（正）
政治壓力介入,難過
暴走,其他（負）
盧了,其他（負）
半天,其他（負）
沒結帳,其他（負）
就跑了,害怕
眼睛一陣模糊,難過
好還要更好,高興
才怪,其他（負）
笑,高興
致癌,生氣
絕對不會,生氣
滿床是血,生氣
穿得美美的,高興
均安,高興
開始動工,其他（正）
死刑,難過
沒人懂我,難過
心滿意足,高興
像棉花一樣柔,其他（正）
實在太多了,其他（負）
被看穿,其他（負）
穿門而入,害怕
快跑,害怕
分居,害怕
長腿,其他（正）
可以不要,其他（負）
喬裝,其他（負）
驚恐,害怕
嘲諷,其他（負）
不聲張自己的經歷,其他（正）
偷,難過
無他,其他（正）
到處都是,其他（負）
世界毀滅,生氣
何樂而不為,高興
天下無不散的筵席,難過
燈塔,其他（正）
衝衝看,其他（正）
軟綿綿,其他（正）
學習獨立,難過
襲擊,害怕
肥宅,生氣
棄甲曳兵,其他（負）
媒體參觀,高興
突遭,難過
戒備,其他（正）
後悔,害怕
眼尖發現,其他（負）
報恩,其他（正）
不忍心,害怕
銳減,害怕
拋媚眼,其他（正）
漲幅,難過
感到驚訝,驚訝
被騙,生氣
無法改變,其他（負）
搬離,其他（負）
未料,驚訝
十分悲痛,害怕
不重視,生氣
吠得更兇,害怕
訴苦,難過
急奔,害怕
平安結束,其他（正）
不重要,其他（負）
兩+眼開開,害怕
剩下什麼,其他（負）
明明白白,其他（負）
失去很多,難過
人氣,其他（正）
陰暗的,害怕
抖,害怕
相當,其他（正）
不想讓我睡覺,其他（負）
彈性疲乏,其他（負）
偷看,害怕
兩光,生氣
慶祝,高興
一個人靜靜,其他（負）
絕版,其他（正）
驚慌,害怕
！！！,高興
以後不會再,其他（負）
大腿,其他（負）
怎麼可能喜歡我,難過
偷偷喜歡,高興
前兆,其他（負）
畢業旅行,高興
沒帶半毛錢,其他（負）
曾經有,難過
過度沉迷,其他（負）
懶得,其他（負）
用用看,其他（正）
不能解釋,其他（負）
轟出去,生氣
振作起來,其他（正）
累壞,難過
崇洋媚外,生氣
沒有信心,害怕
舉債上限,難過
派頭,其他（正）
才知道,驚訝
蒙羞,害怕
不可考,其他（負）
隨緣,難過
耳鳴,害怕
迷思,其他（負）
關說,難過
自由勳章,高興
各自的東西,其他（負）
滿好的,高興
就得配合,生氣
會更好嗎,害怕
查扣,其他（負）
都來了,其他（正）
浪費我,生氣
懸殊,其他（負）
箇中辛酸,難過
起火燃燒,生氣
大玩自拍,其他（負）
不持久,難過
活在當下,其他（正）
不熟,其他（負）
最熱的一年,生氣
大病一場,難過
追到,其他（負）
飛奔,其他（負）
使命必達,其他（正）
禮讓,高興
想買,高興
多可笑,生氣
超低價,其他（正）
很不爽,生氣
恐怖分子,生氣
怕受傷,害怕
沒有最好,其他（負）
聰明伶俐,其他（正）
人死,其他（負）
置之不理,難過
愚蠢,生氣
非常暗,害怕
迷惑,其他（負）
話都說不出來,害怕
當初,其他（負）
落海,害怕
不放心,害怕
俗仔,生氣
獸慾,其他（負）
救助金,害怕
希望我可以,其他（正）
血跡,生氣
輕易走進,其他（負）
這玩意兒,其他（負）
歡迎,高興
合理合情,其他（正）
調漲,難過
問題,其他（負）
太閒,生氣
槍套,害怕
毫不領情,難過
離譜,生氣
再認真點,難過
強制安置,難過
很倒楣,難過
鮮明,其他（正）
陪伴,高興
洞察了一切,其他（正）
大力稱讚,高興
聽不見,其他（負）
督促,難過
沒有出賽機會,害怕
咄咄逼人,其他（負）
富足,高興
忙不過來,其他（負）
替代品,生氣
花費龐大,害怕
不能少,其他（正）
中獎了,其他（正）
繁瑣,其他（負）
黑眼圈,其他（負）
送給,高興
過世了,難過
急忙,害怕
經濟疲弱,難過
討伐聲浪,難過
刻意,其他（負）
吊扣,其他（負）
追債,生氣
停頓,其他（負）
搞壞,其他（負）
熱烈,高興
去日本玩,其他（正）
：））,高興
抽動,其他（負）
不管如何,其他（負）
逗趣,其他（正）
親手結束,害怕
迷成,其他（負）
成名,高興
穩定工作,其他（正）
對我溫柔,其他（正）
懷恨,生氣
死因,害怕
滾回去,生氣
更糟糕的是,害怕
結婚多年,高興
對我的照顧,其他（正）
走投無路,害怕
遊戲,其他（正）
得罪不起,害怕
拖著疲憊的身體,難過
行徑,其他（負）
氣絕身亡,害怕
慘灰,其他（負）
原地盤桓,難過
沒有辦法,其他（負）
引發,其他（負）
太囂張,難過
整個人又,其他（負）
一生一世,其他（正）
不管他,其他（負）
眼睛都要張不開,害怕
很樂,高興
僵持,其他（負）
性愛,高興
消失無蹤,其他（負）
暈眩,害怕
地域概念,其他（正）
午夜,其他（負）
進出警局,難過
摟摟抱抱,高興
不管了,生氣
也不是這樣子,生氣
年邁,害怕
得不償失,難過
打針,害怕
氣沖沖,難過
喘氣,其他（負）
戳破,其他（負）
我不會為了,其他（負）
短命,害怕
消遣,高興
超乎,驚訝
總統,其他（正）
較為不便,其他（負）
請求妳,難過
勃然大怒,生氣
戀愛,高興
熬夜,其他（負）
劇烈,其他（負）
最誠懇,高興
覆核,其他（負）
發揚光大,其他（正）
淚水,難過
不負責,生氣
氣得,生氣
敗興而歸,難過
事關,難過
行事小心,其他（負）
遲疑,其他（負）
摸摸牠,其他（正）
苦苦等待,難過
迅雷不及掩+耳,驚訝
是你吧,高興
大火吞噬,生氣
很煩躁,生氣
為什麼不知道,其他（負）
這種小事,生氣
被劃傷,生氣
精神科,其他（負）
笑話,其他（正）
更認識了,其他（正）
沒有離開過,其他（正）
更複雜,其他（負）
被襲擊,害怕
始終想著你,難過
賤嘴,生氣
死在,其他（負）
竊聽,其他（負）
跟蹤狂,其他（負）
亂說,生氣
倒下,害怕
依舊沒有,其他（負）
等他的消息,害怕
通順,其他（正）
深夜外出,其他（負）
我知道妳在想什麼,其他（正）
太晚,害怕
改善,高興
罪行,生氣
長髮白衣女子,害怕
奇怪的是,害怕
搜索令,其他（負）
更離譜的是,驚訝
倔強,難過
挨罰,其他（負）
趕走,難過
令人雀躍,高興
行凶,生氣
嘔,其他（負）
回頭找我,其他（負）
未察覺,其他（負）
性命難保,生氣
年紀大,害怕
快回家去,其他（負）
老了,害怕
自主神經失調,害怕
血肉,害怕
蚊子,生氣
想起來,其他（正）
招呼也不打,其他（負）
刺激性食物,其他（負）
別擔心,其他（正）
激情野戰,驚訝
求診,害怕
收起玩鬧心,其他（正）
一直住在我心中,難過
白痴,生氣
老毛病,生氣
工作狂,害怕
找我一起去,其他（正）
試圖,其他（正）
見證,其他（正）
捲入,害怕
延燒,生氣
見識,其他（正）
悼念,害怕
再怎麼,其他（負）
明明就很普通,其他（負）
養小鬼,害怕
免擔心,其他（正）
不可思義,驚訝
手槍,害怕
不能疏忽,害怕
要幸福,其他（正）
好勝心強,其他（負）
丟下不管,其他（負）
不要去,其他（負）
出奇幽默,其他（負）
想起他,其他（負）
口若懸河,其他（負）
多休息,其他（正）
被搶先一步,生氣
帥多,其他（正）
撫摸,其他（正）
功力大增,其他（正）
靠杯,生氣
束手就擒,高興
嚴厲拒絕,生氣
創個人生涯新高,高興
退票,其他（負）
我喜歡,高興
閒閒沒事,其他（正）
祝您,高興
已經不是這麼重要,其他（負）
肆虐,其他（負）
成家,其他（正）
外遇,生氣
轟動,驚訝
吹狗螺,害怕
寂靜,其他（負）
顯顯威風,其他（負）
逃跑,生氣
如同放死,其他（負）
誇大,其他（負）
不愉快,生氣
回老家,其他（正）
斷裂,其他（負）
笑著,高興
傻瓜,難過
付不起,難過
家境不錯,其他（正）
醒醒吧,其他（負）
再說,其他（負）
百般推辭,害怕
三姑六婆,其他（負）
為什麼要選在,生氣
都不該,其他（負）
不必在意,其他（正）
背水一戰,害怕
沒出事,其他（正）
氣喘吁吁,其他（負）
向前行,其他（正）
不知道該怎麼說,其他（負）
傷殘,難過
滴淚,難過
不同種族,高興
殘軀,害怕
很暖,其他（正）
哭出聲來,難過
有禮貌,其他（正）
擤鼻涕,其他（負）
多運動,高興
人都會變,生氣
天王老子,其他（負）
誣指,生氣
不知道怎麼辦,難過
WTF,生氣
拍謝,難過
別放棄,生氣
差點把手機摔,生氣
自己有如空氣,難過
搶占,其他（正）
抓人,難過
絆倒,其他（負）
早睡早起,其他（正）
不翼而飛,驚訝
可惜的是,難過
該不會,其他（負）
永遠不知道,其他（負）
很快就會好了,其他（正）
狂推,高興
加油打氣,高興
血花,害怕
潰堤,難過
做禮拜,其他（正）
很感動,高興
好無聊,其他（負）
不能說太多,害怕
笑了一下,高興
機車,生氣
單獨留下來,生氣
喘息,其他（負）
想補眠,難過
享受這一切,高興
一昧的,其他（負）
宵夜,其他（負）
精神錯亂,生氣
發現你連,生氣
細腰,其他（正）
再見,難過
勒戒所,其他（負）
黑白不分,難過
捐給,其他（正）
抬頭一看,驚訝
獄友,其他（負）
難以,其他（負）
搶到,其他（正）
雜亂,其他（負）
再衰,其他（負）
竊賊,其他（負）
不能動,害怕
成天,其他（負）
全職照護孩子,其他（正）
蛆蟲,害怕
願意對,高興
路霸,生氣
不要再,難過
出紕漏,難過
寬鬆認定,其他（負）
複雜,其他（負）
重罪,其他（負）
喪生,害怕
大愛的精神,高興
臉色,其他（負）
太幽默,其他（正）
要進去關了,難過
死寂,害怕
壯年,高興
你老木,生氣
搶劫,害怕
砍,害怕
奸巧,生氣
店家都關了,害怕
自然老化,害怕
往生,害怕
下了最後通碟,生氣
遇害,害怕
損血,害怕
擠乳溝,其他（負）
切勿,其他（負）
脹痛,生氣
赫然,驚訝
他媽,生氣
連續殺人,害怕
祝我,其他（正）
好端端的怎麼會,其他（負）
土製改造手槍,害怕
現採,其他（正）
破局,難過
都不行,其他（負）
問自己,害怕
無法如願,害怕
相約,其他（正）
彷彿能,其他（正）
探頭察看,害怕
卻,害怕
尿布,其他（負）
QAQ,難過
生態毀滅,生氣
坑人,生氣
胡扯,其他（負）
染患,生氣
碰碰響,害怕
怒喝,生氣
制伏,高興
壓制在地,其他（負）
私底下,其他（負）
並沒有感覺,難過
好巧不巧,驚訝
逃過一劫,高興
積善無數,其他（正）
擦著眼淚,難過
很想,高興
很久沒睡,其他（負）
怒嗆,生氣
受害,生氣
年輕生命,高興
更快速,其他（正）
收驚,害怕
不甘+心,生氣
擊敗,高興
好人,其他（正）
仗著,難過
沉寂,其他（負）
精神異常,害怕
軍規,其他（正）
是件好事,其他（正）
很怪,其他（負）
好了,其他（正）
好亂,生氣
興趣缺缺,其他（負）
好事,其他（正）
很急,害怕
太久沒見面,難過
貧困,難過
一股異味,難過
強大火力,害怕
肚子還是飽的,其他（正）
超乎我的想像,驚訝
頻頻致謝,高興
煩,生氣
高不成低不就,其他（負）
跳出來,其他（負）
轟垮,其他（正）
那些傢伙,生氣
卻認為,其他（負）
軒然大波,難過
喝碗魚湯吧～,高興
他人精子,生氣
全力支持,高興
成效不彰,其他（負）
慰問,害怕
理清思緒,其他（正）
這種地方,其他（負）
和平相處,其他（正）
演哪齣啊,生氣
苦吞,害怕
吃頓大餐,高興
最偉大,其他（正）
貴人在幫助,其他（正）
狂撈,其他（正）
一陣暈眩,害怕
>_<,難過
釋懷,高興
馬子,其他（負）
罵小孩,難過
成就感,其他（正）
該去哪就去哪,難過
搞到,其他（負）
來不及說,難過
怒吼,生氣
混蛋,生氣
稍縱即逝,難過
小小幸福,高興
祈求,其他（正）
調查,其他（負）
遷離,其他（負）
低收入戶,害怕
用眼過度,其他（負）
眼周疼痛,生氣
遲遲的不敢,其他（負）
一起去面對,其他（正）
很慘,難過
冷+不防,驚訝
超大雨,其他（負）
騙人的,生氣
傳染病,生氣
老爸不是李嘉誠,生氣
搞不定,其他（負）
美麗收在心裡,其他（正）
伴手禮,其他（正）
扣了,其他（負）
視力衰退,生氣
窩居,害怕
怒告,生氣
通緝犯,其他（負）
渾渾噩噩,其他（負）
成就,高興
壞笑,其他（正）
過得下去,其他（正）
生回來,高興
看看妳,其他（負）
塞滿冰塊,其他（負）
不要靠近,害怕
免疫力下降,生氣
幾可亂真,其他（負）
差點沒,其他（負）
更慘的是,害怕
正經八百,其他（正）
疤痕,其他（負）
不易排出體外,生氣
不管,其他（負）
大欺小,生氣
匪夷所思,害怕
離職,其他（負）
最喜歡吃,高興
學到,其他（正）
玩了好久,其他（正）
出事了,害怕
太可愛,其他（正）
偷竊,生氣
總理,其他（正）
全屍,生氣
何必,其他（負）
人在做天在看,生氣
肢解,害怕
ˊˋ,難過
情節嚴重,其他（負）
冠冕堂皇,其他（負）
還我,其他（負）
血壓飆高,其他（負）
過量,其他（負）
葬身火窟,害怕
否則,其他（負）
那麼兇,生氣
史上最偉大,高興
才收到,其他（負）
讓人心碎,難過
王八蛋,生氣
你他媽,生氣
窄道,其他（負）
空曠無人,害怕
廢棄,害怕
沒做好功課,其他（負）
認識這麼久,其他（正）
使終,其他（負）
如臨深淵,害怕
沒有人發現,其他（負）
品質不佳,其他（負）
一直在我心中,其他（正）
嚇死了,害怕
創下,高興
鬥嘴,生氣
挺進,高興
這麼遠,難過
助,高興
責怪,難過
睡眠品質很差,其他（負）
危急,其他（負）
好樣的嘛,其他（負）
選擇自尊,其他（負）
排泄物,難過
破壞,難過
蠻偏僻,害怕
大跳,高興
什麼勁,其他（負）
淒厲,害怕
爭執,難過
法拉利,其他（正）
為難,其他（負）
連環爆,生氣
盯著,其他（負）
和煦如風,其他（正）
理智線,其他（正）
小三,生氣
死心,害怕
眼前一黑,害怕
通過,高興
處處險阻,難過
打野戰,其他（負）
以往的心態,其他（負）
歹戲拖棚,難過
不穩,其他（負）
白費,難過
細嚼慢嚥,其他（正）
固執,生氣
太可惜,難過
超討厭,生氣
容易滿足,其他（正）
籠罩著烏雲,難過
奪下,其他（正）
被電,害怕
解套,高興
起糾紛,生氣
上限,其他（負）
以外表為優先,生氣
禮物,高興
抓起外套,害怕
冒出濃煙,生氣
摧殘,生氣
噢不,其他（負）
淘汰,其他（負）
明知道,難過
不要問,其他（負）
只有責備,難過
大吼大叫,生氣
換掉,難過
勇敢求救,生氣
傷勢嚴重,其他（負）
牽著我,其他（正）
不斷發抖,生氣
分享,其他（正）
透支,難過
很糟,生氣
就算有,其他（負）
爽阿,其他（正）
無法證明,害怕
沒有舖柏油,其他（負）
祝福,其他（正）
腦中浮現,其他（負）
表現堅強,難過
記憶漸漸,難過
不料,驚訝
疾病,害怕
頭殼壞掉,生氣
誇獎我,其他（正）
差勁,生氣
驚爆,驚訝
自作孽不可活,生氣
休想讓,生氣
痛打了一頓,生氣
獎勵,高興
吐幾口血,害怕
所害,生氣
再次見面,其他（負）
反應過度,其他（負）
借你的,其他（負）
與他人來往密切,其他（負）
拒絕搬遷,生氣
倒好,其他（負）
順遂,高興
放下心中大石,高興
差點撞上,害怕
重擔,害怕
戒掉了,其他（正）
進化,其他（正）
全數還回去,其他（負）
砸去,其他（負）
亂,其他（負）
上教會,高興
被危害,害怕
罰鍰,其他（負）
不知道要怎麼,害怕
拖回去,害怕
嘔吐,生氣
開放,其他（正）
上帝賜予的禮物,高興
再也沒有人,其他（負）
毒害,難過
名人堂,高興
不該存在,難過
啥,驚訝
沒有腳步聲,害怕
會怕,害怕
菸蒂,難過
皓首,難過
調笑,其他（正）
不是應該,其他（負）
閒來沒事,其他（負）
人生絕望,難過
一團糟,生氣
重新,其他（正）
賭爛,生氣
!,驚訝
髒汙,其他（負）
吃飽太閒,生氣
很累,難過
立即就醫,生氣
精神狀況不好,其他（負）
低俗,其他（負）
氣呼呼,難過
陰暗,害怕
太粗糙,難過
最嚴重,其他（負）
能放下,其他（負）
好久沒約了,其他（正）
快點,害怕
好受,其他（正）
公媽庇佑,其他（正）
難吃,其他（負）
又傳,難過
依舊牽著,其他（正）
不搖,其他（正）
沒有辦法說明,其他（負）
蓄水量不到,生氣
刀,害怕
關在房裡,其他（負）
都沒說,生氣
奪去,害怕
好幾天前就開始準備,其他（正）
隱私,其他（負）
不會自己去,生氣
砸傷,生氣
說錯了話,其他（負）
過勞,其他（負）
提升自我免疫,其他（正）
累了,其他（負）
節儉,其他（正）
不去做,其他（正）
煩悶,害怕
殘障,害怕
慘摔,生氣
一直沒有,難過
撞到,其他（負）
不斷的,其他（負）
警車,其他（負）
借鏡,其他（正）
社會分裂,難過
撞破,其他（負）
一頭霧水,其他（負）
有幾人,生氣
飛梭般消逝,難過
原來,驚訝
打鴨子上架,其他（負）
努力去做,其他（正）
逃難,害怕
逃離,害怕
好嗨,高興
移送檢調,生氣
好加在,高興
火焰,害怕
不會跟我說,其他（負）
沒有很難過,難過
介入,其他（負）
躺在病床,難過
到案,其他（正）
祝,高興
沒好好,其他（負）
裝的,生氣
不服,生氣
溫馨,高興
孤寂,難過
暴力分子,難過
蹂躪,生氣
鬧出不少,其他（正）
懇求,生氣
抓不回,其他（負）
好想念你,難過
童年的回憶,其他（正）
最後通碟,生氣
敲昏,害怕
叫警察,其他（負）
笑點,高興
T^T,難過
受騙,生氣
在行,其他（正）
吹噓,其他（負）
半點證據,其他（負）
不注意,其他（負）
充滿怨氣,難過
飛了,其他（負）
精華,其他（正）
陳情,害怕
這麼久了,難過
不回,生氣
訝異,驚訝
一個極限,其他（負）
嚴正要求,難過
為什麼不能,生氣
以前的你哪去了,生氣
身受,其他（負）
人帥真好,其他（正）
單打獨鬥,難過
謎樣,害怕
下毒手,難過
害死我自己,生氣
放棄自己,其他（負）
摔了一跤,害怕
遺孀,害怕
恐怖組織,生氣
垃圾啦,生氣
被誇,其他（正）
悶悶不樂,難過
多希望,其他（負）
陪我們,其他（正）
最恐怖,害怕
這麼冷,其他（負）
不公不義,難過
電子遊戲場,其他（負）
不明,害怕
答應與你,其他（正）
黑心,難過
還是不愛,難過
神兵下凡,其他（正）
火災,生氣
使用毒品,其他（負）
一句鼓勵,其他（正）
藝術,其他（正）
不贊同,其他（負）
保時捷,其他（正）
竣工,其他（正）
打茫,其他（負）
欽佩,高興
硬要說,其他（負）
不懂,其他（負）
認屍,生氣
不應,難過
聽力受損,生氣
不要亂,生氣
逃避,害怕
光亮,其他（正）
不得善終,生氣
按讚,其他（正）
不能配合,其他（負）
撞向,害怕
不過至少,其他（正）
回鍋,其他（正）
胸部凹陷,生氣
空氣品質很糟,其他（負）
不過奇怪,驚訝
偷情,生氣
期盼,高興
增值,其他（正）
隱隱約約,害怕
三腳貓,其他（負）
去你媽的,生氣
叫罵,生氣
滑行,其他（負）
道不盡,其他（負）
遠遠看著你,難過
準備也不夠,其他（負）
流氓,害怕
被跟,其他（負）
嗚嗚嗚,難過
焦躁,害怕
冤獄,難過
急了,其他（負）
隨風,難過
不管什麼問題都丟給,生氣
不是任何人的錯,其他（負）
努力做,其他（正）
詐欺罪,生氣
感性,其他（正）
十分尷尬,害怕
行個禮,其他（正）
完整的愛,其他（正）
全家平安,其他（正）
沒法度,害怕
送我,高興
熱戀,高興
化解,高興
特別好,其他（正）
竊錄,害怕
坐著發呆,其他（負）
職災,害怕
你他媽的,生氣
最終都不是,其他（負）
差很大,其他（負）
翻案,其他（負）
搞不清楚狀況,其他（負）
之虞,其他（負）
感恩,高興
疫苗變異率,生氣
態度又差,生氣
真心對待,高興
明明知道,難過
進擊的,其他（負）
不想,其他（負）
好在,其他（正）
滿意,高興
放過彼此,其他（負）
拴住,其他（負）
挨打,害怕
騙鬼啊,生氣
被老師瞪,害怕
讓我驚訝的是,害怕
不要來,其他（負）
減薪,其他（負）
智取,高興
腦子又自動翻找出,其他（負）
貿然,其他（負）
偷懶,其他（負）
朝她臉部擲去,難過
不時傳來,其他（負）
牽扯,其他（負）
流淚,難過
不悅,生氣
強迫症,其他（負）
善盡,高興
無妨,其他（正）
拼命,其他（正）
未獲,難過
百思不解,驚訝
淹水,難過
休息了好久,其他（負）
比較容易,高興
想念你,難過
秘訣,其他（正）
疲勞駕駛,生氣
衍生,其他（負）
吊肉粽,害怕
撞進了,其他（負）
笑顏,高興
散落一地,生氣
才睡,其他（負）
虛耗,生氣
一路滑跌下來,害怕
達到,其他（正）
公墓,生氣
老化,其他（負）
至死不渝,其他（正）
家境富裕,高興
別糗,其他（負）
到底為什麼,生氣
嚇阻,害怕
夠了沒有,生氣
坦承罪行,害怕
感情融洽,高興
感慨,難過
重要性,其他（正）
含辛茹苦,其他（正）
道地,其他（正）
沒有生育,害怕
好吧,其他（負）
嚇我一跳,驚訝
驚天動地,驚訝
黃斑部病變,生氣
不成文,其他（負）
心情真差,生氣
看不慣,難過
沒人要,難過
下手,其他（負）
沒人要的孩子,難過
改善的空間,難過
越久失落越大,難過
各執一詞,其他（負）
用力的踹,生氣
難受,難過
哭笑不得,生氣
羞赧,其他（正）
再利用,其他（正）
腦海裡不停,其他（負）
打腫,害怕
協助,高興
單身好久,難過
撻伐,難過
霸凌,難過
離題,其他（負）
偷拍,其他（負）
確認過了,其他（負）
好棒喔,其他（正）
忍無可忍,難過
太膽小,害怕
不捨,害怕
原來不是夢,驚訝
向警方求助,生氣
嬰兒皮膚,其他（正）
被迫,其他（負）
不正經,其他（負）
開黃腔,其他（負）
沒有上鎖,其他（負）
稍作,其他（正）
警訊,生氣
非常可+怕,害怕
離開了,難過
跳針,其他（負）
智勇雙全,高興
舉手歡呼,高興
何去何從,害怕
又哭了,難過
做虐,生氣
心繫,高興
害人,害怕
努力克服,其他（正）
健全的家庭,其他（正）
拎老,生氣
不能沒有你,害怕
很穩,其他（正）
天經地義,其他（正）
大聲哭叫,害怕
他馬的,生氣
會好一點,其他（正）
女王,其他（正）
緣淺,難過
再也受不了,生氣
投入,其他（正）
啥事都不管,生氣
一級棒,其他（正）
紛紛表示,高興
搶下,其他（正）
不好睡,其他（負）
有你的陪伴,高興
沒想太多,其他（負）
大爛人,生氣
超幹,生氣
憂鬱,難過
瘋掉了,其他（負）
惡夢,害怕
竄出火苗,生氣
怪異,難過
自慰行為,其他（負）
淚人兒,難過
俊美,其他（正）
感到相當滿意,其他（正）
語言不通,其他（負）
鬼差,害怕
不支持,其他（負）
防彈,其他（正）
欠下,其他（負）
照本宣科,其他（負）
付出,高興
閃人,其他（負）
漏夜,其他（負）
不太穩定,其他（負）
短少,其他（負）
抽抽噎噎,難過
活的很好,其他（正）
忽然,驚訝
找人打,害怕
排斥,生氣
財政懸崖,難過
愛上,高興
傷病,害怕
吐得,害怕
好喝,其他（正）
越來越差,其他（負）
寒流,其他（負）
誘發,其他（負）
已獲改善,高興
可是為什麼,生氣
氣你,生氣
還是忘不了,難過
太多時間,其他（負）
發生暴力事件,生氣
不願意,難過
探視,其他（正）
不成,其他（負）
還要多久,難過
最後一餐,害怕
捍衛,其他（正）
連續做愛,驚訝
很不滿,難過
愛情,其他（正）
照顧妳,其他（正）
迎風搖曳,其他（正）
開什麼玩笑,生氣
超兇,生氣
寧可,其他（負）
這是一定要的啦,其他（正）
開心,高興
也不例外,其他（負）
戴奧辛,生氣
救救我媽媽,害怕
找廁所,其他（負）
不費,其他（正）
通融,高興
無法承受,害怕
巨響,害怕
祈福,高興
打嘴砲,其他（負）
聲音大的無法入眠,其他（負）
泣,難過
大體,害怕
迅速,其他（正）
過好年,其他（正）
狂熱,其他（正）
先下手為強,其他（負）
自有說詞,其他（負）
不小心,驚訝
空無一人,其他（負）
長官來臨,害怕
毛茸茸,高興
孝子,高興
3P,其他（負）
未繳,其他（負）
3K,生氣
怠惰,難過
雙手顫抖,害怕
勞斯萊斯,其他（正）
一動也不動,害怕
最高紀錄,高興
Orz,難過
要結束,難過
腐蝕,害怕
才發現,驚訝
荒蕪,其他（負）
車水馬龍,其他（負）
水位持續下降,生氣
假裝,其他（負）
救命,生氣
被騙太多次,生氣
很想他,難過
寧願不要,其他（負）
太蠢,生氣
給他的壓力,生氣
頓悟,其他（正）
想抱抱你,難過
給我一個紅包,高興
笑著哭,高興
焦味,生氣
下海,難過
積功德,其他（正）
完了,其他（負）
不管我在哪,其他（正）
…,其他（負）
愣了一下,驚訝
不法,難過
趴倒在地,其他（負）
得到,其他（正）
拿錢走人,難過
親筆,其他（正）
心灰意冷,難過
人道救援,其他（正）
展現,其他（正）
竟只是,其他（負）
生日快樂,高興
腳程很快,其他（正）
這一切不是,其他（負）
飛回家,其他（正）
不治,害怕
撿拾廚餘,害怕
佈置完畢,其他（正）
鼻開始酸了起來,難過
找人,其他（負）
有誤,其他（負）
惋惜,難過
煩死,生氣
時好時壞,其他（負）
YA,其他（正）
有詐,其他（負）
囚禁,難過
大鬧,難過
害我還要,生氣
不想面對,生氣
連放,其他（正）
氣氛非常的好,其他（正）
害人居多,生氣
救命聲,生氣
節約用水,生氣
流感,生氣
Ya,其他（正）
什麼是快樂,難過
熱潮,其他（正）
本來就不好,其他（負）
吸入了太多,害怕
吐出,其他（負）
核武,生氣
只花十二秒,其他（正）
無怨無悔,其他（正）
不給我,難過
運氣真差,生氣
開始習慣,其他（正）
大笑,高興
就下班,其他（正）
最後通牒,生氣
大魚,其他（正）
爬了出來,害怕
連敗,害怕
摔出,害怕
錯誤的方式,其他（負）
已經離開,難過
身體感到不適,害怕
可怖,生氣
可怕,害怕
原因不明,驚訝
放鬆了,其他（正）
改善空間,其他（負）
很久以前,害怕
進塔,其他（負）
嘆息聲,其他（負）
驚駭莫名,害怕
會很慘,害怕
黃斑部,生氣
衷心感謝,高興
一瞬間就結束了,其他（負）
媽的,生氣
無呼吸心跳,生氣
調閱監視器畫面,其他（負）
加強巡視,生氣
倒楣鬼,其他（負）
陽氣,害怕
偷渡,其他（負）
貪吃鬼,其他（正）
幫忙照料,高興
灰心,難過
心情好,高興
忘了帶,其他（負）
夜深了,其他（負）
默默跟著你,害怕
沒有住一起,其他（負）
一轉身,驚訝
勒住,害怕
牽涉,其他（負）
百思不得其解,害怕
制度有問題,難過
電不死,生氣
堅決否認,難過
雀躍,高興
圍繞著你,其他（負）
可惜,難過
怎麼回事,驚訝
收賄,難過
刻板印象,其他（負）
可惡,生氣
不敢踏出第一步,其他（負）
注射毒品,生氣
來勢洶洶,生氣
最愛我,其他（正）
想著你,難過
偷走,生氣
扯,其他（負）
正面的力量,其他（正）
躲了起來,其他（負）
關閉,其他（負）
輸,難過
生活重心,其他（正）
該擔心,害怕
好好,其他（正）
裝忙,難過
沒注意到,驚訝
緊緊牽著,害怕
流著淚,難過
沒人知道,難過
要人命,生氣
浪廢,其他（負）
獸性大發,生氣
喚回,害怕
未經,其他（負）
陰氣,害怕
沒管那麼多,害怕
不成問題,其他（正）
不怎喜歡,生氣
冥冥之中,其他（正）
就怕,生氣
人有人道鬼有鬼道,害怕
試過了才,其他（正）
有差別嗎,其他（負）
晾在一旁,其他（負）
新人,其他（正）
累,難過
發生什麼事,驚訝
不破壞和諧,其他（正）
露點,其他（負）
吵醒,生氣
定讞,其他（正）
又高又帥,其他（正）
別這樣,害怕
不靠譜,其他（負）
大麻,其他（負）
創新,其他（正）
臨走前,難過
沒什麼時間可以,其他（負）
很想休息,難過
打起精神,其他（正）
怨,生氣
小失落,難過
瞪著,生氣
特種營業場所,其他（負）
問我怎麼了,其他（正）
撒嬌,高興
風範,高興
減資,其他（負）
一路跑,其他（負）
失去愛情,難過
痙攣,生氣
從未,難過
有空去看她,難過
幽靈,害怕
如針般,害怕
衝鋒槍,害怕
老婆,高興
喜好助人,其他（正）
尬意,高興
一直都在,其他（正）
誇獎,其他（正）
咬定,其他（負）
不見好轉,生氣
無精打采,其他（負）
凡走過,其他（正）
根本是,其他（負）
惡劣,難過
又想起你,難過
沉浸,高興
我不知道,驚訝
答應我,害怕
會心一笑,高興
補足,高興
賠,害怕
調查發現,驚訝
是在,其他（負）
反而更囂張,難過
難以形容,其他（負）
怎麼樣都是,生氣
互嗆,其他（負）
不靈活,害怕
瀕臨危機,難過
嚮往,其他（正）
輪班,其他（負）
代價,其他（負）
可望,其他（正）
同感不適,生氣
我好想,其他（正）
更加努力,其他（正）
幸運,高興
就是好的,其他（正）
重心放在工作,難過
母子均安,高興
勉強,其他（負）
太可怕了,生氣
想要開始,其他（正）
用眼過久,生氣
死刑犯,難過
幫妳做,其他（正）
痛,生氣
睡眼惺忪,其他（負）
逼自己,其他（負）
吸引,其他（正）
惡化,其他（負）
這麼難搞,生氣
老子,難過
工作繁忙,難過
命危,害怕
一起出去玩,其他（正）
肚疼,害怕
創了,其他（正）
不願多談,生氣
難堪,難過
值得驕傲,其他（正）
什麼都沒做,其他（負）
以為開玩笑,驚訝
灌水,其他（負）
電擊,其他（負）
專心,其他（正）
事必躬親,其他（正）
僵硬,其他（負）
很煩,生氣
瞬移,害怕
腰斬,其他（負）
換不來,難過
死亡,害怕
沒注意,其他（負）
撤銷,其他（負）
聽錯,其他（負）
以免,生氣
保家衛國,其他（正）
等了30分鐘,生氣
提神,生氣
再多的,其他（負）
凌亂一片,其他（負）
四兩撥千斤,難過
莫名,其他（負）
放我們去,其他（負）
最有名,其他（正）
心力跟金錢,其他（負）
蕭瑟,其他（負）
還要,其他（負）
被人發現,害怕
差不多的東西,其他（負）
享用,其他（正）
善緣,其他（正）
天怒人怨,難過
想陪,其他（正）
殘骸,害怕
倦了,其他（負）
有趣,高興
杳無人煙,害怕
倒地,生氣
纖滅,生氣
更慘,害怕
賺飽飽,難過
無助,害怕
輕易就相信,其他（負）
天空顏色,其他（正）
負荷,其他（負）
菜刀,害怕
等一下,其他（負）
這麼幸福,高興
不死,其他（負）
很爽,高興
小心,害怕
侵襲,生氣
演變成,害怕
欠身問好,其他（正）
救救他的媽媽,害怕
情侶,其他（正）
天下的男性,其他（負）
成熟的,其他（正）
立刻趕來,害怕
騙走,生氣
沒日沒夜,其他（負）
被幹走,生氣
會有報應,生氣
違停,難過
:-),高興
心癢,高興
幫,高興
驗傷,生氣
甩棍,生氣
哀傷,難過
血紅色,害怕
沒有什麼不好,其他（正）
我怎麼睡,生氣
為什麼我們不能,其他（負）
出此下策,害怕
惡人先告狀,生氣
家暴,害怕
平安符,其他（正）
快速,其他（正）
積善,其他（正）
門沒鎖,害怕
身體欠佳,害怕
名氣遠播,其他（正）
摺疊刀,生氣
朝聖地,其他（正）
開玩笑說,其他（正）
想跟你說,其他（正）
速度,害怕
疑問,其他（負）
回憶過去,難過
不會支持,生氣
不聽使喚,其他（負）
各有特色,其他（正）
〒△〒,難過
太辣,其他（負）
那麼的困難,難過
日久見人心,其他（正）
沒有吵架,其他（正）
不可能了,難過
靈動現象,害怕
出門請戴口罩,其他（負）
放寬心懷,其他（正）
擠不進,其他（負）
">""<",害怕
現省,高興
補助,高興
加派警力,生氣
沒愛過,難過
漏出,其他（負）
騙,生氣
沒有一句鼓勵,其他（負）
真可憐,難過
不就是你,生氣
辱罵,難過
致死,害怕
下毒,生氣
噩運,生氣
一路走來,其他（正）
驗出,生氣
不理性,其他（負）
無業,害怕
來者不拒,其他（正）
好巧,其他（正）
不但,其他（負）
小康,其他（正）
不能解決問題,難過
昏沉,難過
老天,害怕
打擊士氣,其他（負）
實在很難讓人,其他（負）
加速,其他（正）
高度期待,高興
渾身發抖,害怕
傾家蕩產,害怕
變態,害怕
轉頭就走,難過
蠻難,其他（負）
已故,害怕
創意,其他（正）
全壘打王,高興
好事情發生,其他（正）
永遠留存,高興
勒痕,生氣
沒輒,高興
出事情,害怕
口不能言,其他（負）
徹頭徹尾,其他（負）
做好環境,其他（正）
態度很差,生氣
不錯嘛,其他（正）
無法可管,生氣
純白,其他（正）
行禮,其他（正）
馬上離開,害怕
小富婆,其他（正）
裝鬼,生氣
全部的希望,高興
爛泥,其他（負）
備受威脅,害怕
馬的,生氣
先祖,其他（正）
痊癒,其他（正）
順著心走,其他（正）
被欺負,害怕
一點消息都沒有,難過
哭鬧,難過
偷吃,生氣
負責任,其他（正）
擁抱,其他（正）
到底等了多久,其他（負）
一吃成主顧,其他（正）
好兆頭,高興
這樣都不會,驚訝
交頭接耳,其他（負）
黯然離去,害怕
四望,害怕
處事圓融,高興
沒事找碴,生氣
老是,其他（負）
終身大事,其他（正）
吃盡苦頭,難過
無法,其他（負）
太多了,其他（負）
搞清楚,生氣
不得不做,生氣
黑活,其他（負）
可以期待的,高興
照顧您,其他（正）
得標,高興
受盡,難過
卻始終未,難過
用鼻孔看人,生氣
無可救藥,難過
漆黑,害怕
攻擊行為,生氣
便宜,其他（正）
放聲大哭,難過
做你喜歡,其他（正）
燦爛的笑,高興
互相尊重,其他（正）
伺機,其他（負）
欣賞,其他（正）
棄如敝屣,其他（負）
刀子瞬間,害怕
積欠,其他（負）
無法克制,其他（負）
救活,高興
不周,其他（負）
盼望,高興
不知道要幹嘛,其他（負）
沾沾喜氣,其他（正）
團聚過年,高興
劫囚,生氣
好好照顧自己,難過
備受爭議,其他（負）
不輕,其他（負）
到底在講什麼,生氣
哭母,生氣
美麗,其他（正）
呈現昏迷,害怕
吐槽,生氣
吃香,高興
髒,生氣
得來不易,難過
逼著,其他（負）
不想哭出聲來,難過
掛念,害怕
第一次一起,其他（正）
不合,其他（負）
憑什+麼,生氣
僅能,害怕
兇狠,害怕
退出,其他（負）
一覽無遺,高興
哀求,害怕
苦戰,害怕
復育,高興
吃驚,驚訝
寬拓,其他（正）
秉持,其他（正）
缺失,其他（負）
不是你的,其他（負）
成功的秘訣,高興
對槓,難過
無法排解,害怕
還是沒,其他（負）
請喝,其他（正）
依然是你,難過
犧牲,害怕
沒接到,其他（負）
漏氣,難過
景點,其他（正）
震破,其他（負）
鬆懈,其他（負）
漏水,難過
只靠,害怕
都是我沒,難過
紅色炸彈,高興
違法,難過
年終獎金,其他（正）
有點嚇到,害怕
不枉費,其他（正）
保住性命,其他（正）
英明神武,其他（正）
不幫忙,難過
放符仔,害怕
緊皺眉頭,難過
傷心欲絕,難過
關心她一下,其他（正）
躺下來休息,其他（正）
冒冷汗,害怕
感嘆,其他（負）
發黑,其他（負）
拴上鐵鏈,害怕
半夢半醒,害怕
拉傷,害怕
耶耶耶,高興
目瞪口呆,其他（正）
發麻,其他（負）
不確定,害怕
沒有謀生能力,害怕
老婆打老公,難過
流浪漢,其他（負）
做不到,生氣
變輕鬆,其他（正）
走人,生氣
熱吻,高興
你們這種,生氣
子宮外孕,難過
新知,其他（正）
引發聯想,難過
隨叫隨到,其他（正）
新增一例死亡,生氣
沒結果,其他（負）
毛病,生氣
為什麼都,其他（負）
非常照顧,高興
賀啦,其他（正）
窗戶是開著,害怕
好愛,高興
無法思考,害怕
永遠無法猜透,其他（負）
不認真思考,難過
聲音很小,其他（負）
養育之恩,高興
很滿足,高興
美好的時光,高興
不實言論,其他（負）
影響力,其他（正）
時有所聞,其他（負）
個所以然,其他（負）
無法走出傷痛,害怕
首度,其他（正）
花費,害怕
漏洞,其他（負）
約好,其他（正）
為什麼,難過
防止,其他（負）
守寡,難過
昏倒,害怕
為自己的人生努力,其他（正）
隨便找個,其他（負）
溺水,其他（負）
最期待,高興
煩內,生氣
請吃,其他（正）
保住一命,其他（正）
很晚睡,其他（負）
死宅男,生氣
成熟,其他（正）
笨賊,其他（負）
魔神仔,生氣
百分之百支持,高興
譁然,驚訝
消耗的差不多,其他（負）
眼睛怎麼開始模糊,難過
不錯喔,高興
人力不夠,難過
不要妄想,其他（負）
甜美,高興
小傻瓜,其他（正）
最難,其他（負）
新口味,其他（正）
不知道怎麼,其他（負）
善解人意,其他（正）
丟在桌上,其他（負）
淤青,生氣
到底,其他（負）
別急,其他（負）
訓話,難過
準時,其他（正）
隨著風擺盪,難過
贖金,生氣
優質,其他（正）
放射性,生氣
不准,難過
不是非常好,其他（負）
難懂,其他（負）
穿過女孩的身體,害怕
別怕,其他（正）
無預警,難過
出狀況,害怕
往好的方面看,其他（正）
硬是,其他（負）
失落,難過
結果,害怕
錯人,生氣
幹妳媽,生氣
下落不明,生氣
庇佑,其他（正）
重傷,害怕
八成,其他（負）
慶幸,高興
夫妻和樂,其他（正）
氣不過,難過
從早到晚,其他（正）
雞掰,生氣
結束,害怕
發飆,生氣
好暈,難過
自己決定啦,生氣
相擁而眠,高興
手抄佛經,其他（正）
保暖衣物,高興
病人走了,難過
偷偷,其他（負）
下意識的反射,其他（負）
樂子,高興
性器接合,其他（負）
有夠煩,生氣
更重要的是,其他（正）
太想要,生氣
量身訂作,其他（正）
語無倫次,害怕
破獲,高興
讓眼睛休息,其他（正）
緝捕到案,高興
難以令人接受,生氣
也不願意,難過
燒焦味,生氣
斥責,難過
藏身,其他（負）
讓人相當恐懼,生氣
不是很好,害怕
更嫌,其他（負）
不見蹤影,難過
別開玩笑,其他（負）
心卻空空的,難過
懂得尊重,高興
X你娘,難過
怎麼可以,生氣
升格,其他（正）
添個,其他（正）
挾持,生氣
弔唁,害怕
開心不得了,高興
青光眼,生氣
的機會也沒有,難過
你們愛我,高興
一個陪伴,其他（正）
慘,其他（負）
雙手環住,其他（正）
請勿,其他（負）
關鍵的,其他（正）
孬種,難過
簡陋,害怕
嘰嘰歪歪,生氣
興奮,高興
瓦斯沒關好,害怕
工作忙,其他（負）
X你媽,難過
不美滿,難過
不受約制,難過
回到當下,難過
你去,生氣
不肯休息,其他（負）
亡命之徒,其他（負）
抽煙,生氣
完全不相信,生氣
惡毒,生氣
還是算了,其他（負）
遍體麟身,其他（負）
難怪,其他（負）
喪家,其他（負）
超低特價,高興
凌厲,其他（負）
一無所覺,害怕
踹了幾腳,生氣
牽動,其他（正）
說真的,其他（負）
撞斷,害怕
請你大吃一頓,高興
找尋,其他（負）
過當行為,難過
心軟,難過
嚴竣,其他（負）
較貴,其他（負）
嚴格自我要求,其他（正）
好緊張,生氣
非你不可,生氣
說不出來的,難過
疫情仍持續,生氣
頭昏眼花,害怕
愛美,高興
志工,高興
因緣際會,其他（正）
隨便讓人,生氣
殉職,害怕
最不正常,其他（負）
煩不煩,生氣
緊急重建手術,生氣
事情大條了,害怕
不滿意,其他（負）
毒油,其他（負）
重創,其他（負）
踹,難過
獨一無二,其他（正）
酸媒體,生氣
暗號,其他（正）
致命外傷,生氣
不回來,難過
加油吧,其他（正）
好沉重,其他（負）
吸食,其他（負）
他媽的,生氣
跟著你,高興
應召站,其他（負）
代步,其他（正）
識人不清,生氣
屠宰,害怕
能不能別,其他（負）
不得已,難過
哪裡能,其他（負）
都很開心,高興
根本就,其他（負）
變了一個樣,其他（負）
玩耍,其他（正）
忘了我,難過
介紹正妹給我,其他（正）
只喜歡你一個人,高興
怒罵,生氣
誤觸電線,害怕
能力範圍內,其他（正）
栽了下來,害怕
寶貴,高興
需要愛,難過
退回,害怕
當成笑話,生氣
劈死,生氣
利用我,生氣
附近沒人,害怕
麻醉,其他（負）
表現不穩定,其他（負）
風景美,其他（正）
不甘受辱,難過
真他媽,生氣
不該期待,難過
安心食用,其他（正）
不動,其他（負）
心臟快速的跳動,害怕
鬼混,其他（負）
狂亂,其他（負）
耶,其他（正）
要堅持,其他（正）
悲痛之餘,害怕
沒有下文,難過
附身,害怕
滅火,害怕
去愛,其他（正）
沒影響,其他（負）
一起,其他（正）
落伍,其他（負）
更厲害,其他（正）
沒好氣,生氣
智慧,其他（正）
眼睛睜得很大,驚訝
自責,害怕
苛求,難過
正眼不瞄,難過
沒什麼人,害怕
你幾次,生氣
會幫我,其他（正）
躍龍門,其他（正）
害羞,其他（正）
黑道分子,生氣
改天再,其他（正）
罹難,害怕
不利,其他（負）
精神好,其他（正）
留級,其他（負）
不到,其他（負）
山寨,其他（負）
下去,其他（負）
重要賽事,其他（正）
沒問題,其他（正）
在我腦海裡清晰,難過
敵人,生氣
漸漸平淡,其他（負）
被害人,其他（負）
不符資格,害怕
無比,其他（正）
美食,其他（正）
越來越涼,害怕
不巧,難過
不懂不要亂說,生氣
不差,高興
苦無,難過
饕客,其他（正）
陰影,其他（負）
完美,其他（正）
大叫,害怕
躲過去,其他（負）
如何是好,害怕
清澈,其他（正）
壓力也大,難過
和學生互動,高興
酒店經紀人,難過
私心自用,難過
刺穿,害怕
綁縛,其他（負）
真健康,高興
引發喧然大波,驚訝
給他騙去,生氣
衣衫不整,難過
四處奔波,其他（負）
非常孝順,高興
百貨公司購物,其他（正）
深沉的夢鄉,其他（正）
正值青春期,其他（負）
提不起勁,難過
生活不便,其他（負）
早就忘了,難過
人手不足,其他（負）
副作用,害怕
憧憬,其他（正）
謊言,其他（負）
沒必要,其他（負）
永不,其他（負）
經濟優渥,高興
民意壓力,難過
閃照,其他（正）
談天談地,高興
常常跟你吵,生氣
到底在幹嘛,生氣
嘿,高興
沒下落,害怕
淹入,難過
嫌,難過
悠然,其他（正）
勒索,生氣
緣分,其他（正）
好困難,難過
表示願意,其他（正）
顆顆,高興
一票難求,其他（負）
熱忱,其他（正）
仍像個孩子般的幼稚,難過
浪費你,難過
調降,高興
真的很廢,生氣
歲歲年年人不同,難過
順應自然,難過
性生活不美滿,難過
金融海嘯,其他（負）
得手,其他（負）
翻找,害怕
無敵,其他（正）
得心應手,其他（正）
要錢,難過
超怪,害怕
慈悲,其他（正）
進步,高興
對抗,其他（負）
前男友,其他（負）
寵壞了,生氣
整他,其他（負）
蔓延,其他（負）
爭取,其他（正）
急壞了,生氣
棄養,其他（負）
討人厭,生氣
我們都曾喜歡過對方,難過
出軌,其他（負）
笨蛋,生氣
不屑,生氣
注意力不集中,其他（負）
被害經過,生氣
(T+^+T),難過
給他劈下去,生氣
再三確定,害怕
無法彌補,難過
會打扮,其他（正）
感覺依然不變,高興
流入,生氣
還是好喜歡你,高興
眼淚都快掉下來,難過
難民,其他（負）
吃不到,其他（負）
捲土重來,其他（正）
喪命,害怕
該做甚麼,難過
不夠實際,其他（負）
得意,高興
解剖調查死因,其他（負）
破綻,其他（負）
跑到我身上,其他（負）
迷上,其他（正）
情人節禮物,高興
促銷,其他（正）
黑吃黑,其他（負）
罵道,生氣
注目,其他（負）
地板感覺會滑,害怕
被霸凌,生氣
字正腔圓,其他（正）
憑什麼,難過
逼近,生氣
閉嘴,生氣
你屌,生氣
絕不寬待,難過
打從心底,高興
為何又,生氣
平起平坐,其他（正）
血淋淋的,害怕
惡搞,其他（負）
走不動,其他（負）
父親,其他（正）
無法拆除,其他（負）
刺入心中,害怕
路這麼難走,其他（負）
得到些什麼,難過
趕回來,其他（負）
流利,其他（正）
反反覆覆,其他（負）
存亡,其他（負）
要不要一起,其他（正）
搖頭丸,難過
背地指使,其他（負）
仍待商榷,其他（負）
重建,其他（正）
決不,生氣
懶的,其他（負）
失調,害怕
很可惜,難過
強迫,害怕
資優班,其他（正）
惡整,難過
下次不去,生氣
爆開,其他（負）
像你的家人般,其他（正）
眼睛在冒汗,難過
嬰兒的小屁股,其他（正）
遺失,其他（負）
還原事實,難過
很可愛,其他（正）
愛犬,高興
寒冷,其他（負）
按摩棒,其他（負）
靈徘徊,生氣
輕鬆多了,高興
裝肖仔,難過
念及,害怕
選進,高興
追緝,其他（負）
感念,高興
急煞,害怕
鼎力相挺,其他（正）
全部下架,難過
深耕,其他（正）
後有流氓,其他（負）
無法容忍,難過
不幹,難過
燈自行亮,害怕
期待下次,其他（正）
一身冷汗,害怕
很可憐,害怕
沒有什麼好說,害怕
陷入一陣沉默,其他（負）
不上台面,其他（負）
閃爍,害怕
找到,其他（正）
沒鎖,其他（負）
一臉驚恐,害怕
荒誕,難過
鳥事,生氣
解約,其他（負）
已造成,害怕
家境不好,害怕
萬幸,其他（正）
啃老,難過
趁機,其他（正）
逍遙法外,生氣
林老師,生氣
有擔當一點,生氣
A害,其他（負）
騙鬼,生氣
配不上你,難過
重感冒,其他（負）
才以,其他（負）
不當行為,難過
掌握,其他（正）
還可以,其他（正）
不如,其他（負）
沒有人陪,其他（負）
監視,生氣
屢次失敗,害怕
說不定,其他（正）
聽到了一個聲音,害怕
工作結束後,其他（正）
飢餓已久,其他（負）
槍炮,其他（負）
測謊,其他（負）
墓穴,其他（負）
狀態很差,其他（負）
聳聳肩,其他（負）
空氣品質糟糕,其他（負）
不好,其他（負）
死警察,生氣
中招,害怕
掰掰,其他（負）
強行,生氣
入魂,害怕
就不會這麼辛苦了,難過
吻,高興
薄弱,其他（負）
不大,其他（負）
搞爛,難過
禍延子孫,害怕
在爭執,害怕
謝過了,其他（正）
守著,其他（正）
並無矛盾,其他（正）
傷人,其他（負）
一日之計,其他（正）
嗆鼻,害怕
真的不知道,難過
持之以恆,其他（正）
拍拍胸脯,其他（正）
善事,其他（正）
飲酒,其他（負）
去死,生氣
想不到,其他（負）
最想要,其他（正）
一地腥紅,害怕
終於可以,其他（正）
轟地一聲,害怕
傲人,其他（正）
欺騙,難過
病情反而加重,生氣
答應,高興
無感,其他（負）
只有,害怕
執照,其他（正）
好想正常一點,難過
紅包要很大包,高興
賣力演出,高興
在醫院,其他（負）
ＱＱ,難過
絕不能,害怕
自虐,其他（負）
解除職務,害怕
真是讓我又再一次,其他（負）
說不出來,其他（負）
報仇,生氣
咦,驚訝
有個人陪,其他（正）
精打細算,其他（正）
發生在我身上,其他（負）
出入平安,其他（正）
短缺,難過
無謀生能力,害怕
健在,其他（正）
傻傻,其他（負）
仍然有效,其他（正）
受到威脅,害怕
兌獎,高興
顯學,其他（正）
犯行,其他（負）
快點到來,高興
被碎念了,其他（負）
嘩然,生氣
沒得到,生氣
打了個招呼,其他（正）
遺書,害怕
好氣,生氣
聽不清楚,生氣
根本沒在怕,難過
玩,其他（正）
一點都沒做,其他（負）
半夜時,害怕
掉眼淚,難過
傑作,其他（正）
算什麼,生氣
狡詐,難過
放我走,難過
吐苦水,難過
終於來了,高興
註銷,其他（負）
惡性,難過
結果一,驚訝
爛招,生氣
強調,其他（負）
有點怪,害怕
陶醉,高興
回頭看,其他（負）
爭吵,生氣
安非他命,其他（負）
連勝,高興
不宜,其他（負）
不應該,其他（負）
允諾,高興
爛成,其他（負）
走不回,其他（負）
抽空,其他（正）
輪流開罵,難過
摟著+她的腰,生氣
更兇,害怕
期待,其他（正）
非但沒有,其他（負）
哈哈哈哈,高興
把話也說清楚,其他（負）
謎團,驚訝
幸未擴大,其他（正）
不孝,難過
幹哩娘咧,生氣
先天限制,難過
白天睡大覺,難過
止步,其他（負）
逛街,高興
想不出,害怕
很爽是嗎,生氣
未注意,難過
垃圾桶,其他（負）
受害者,難過
痛訴,難過
拋光,其他（正）
謹慎,生氣
專注,其他（正）
辭世,害怕
內斂,其他（正）
是誰在叫我,害怕
百般不耐,生氣
哀悼,害怕
有甚麼好,其他（負）
溜出,其他（負）
嘻嘻哈哈,高興
最有效,其他（正）
感謝老天,高興
躲了,其他（負）
誤觸,害怕
不知道為啥,驚訝
唱歌,高興
堅持自己想要的,其他（正）
睡意全無,其他（負）
令人髮指,難過
出血,生氣
症狀,生氣
請假,其他（負）
裝回去,其他（負）
笑瘋了,高興
惡意,其他（負）
這種情況,其他（負）
關你個屁事,生氣
開啟了bee,其他（負）
擦傷,害怕
能再度,其他（正）
白頭偕老,其他（正）
有樣學樣,其他（負）
代打,其他（負）
拼湊,其他（負）
犯規,其他（負）
少些好嗎,生氣
非常幽默,其他（正）
傷得有多重,害怕
跨國合作,其他（正）
獲勝,高興
波及,其他（負）
意想不到,驚訝
致,其他（負）
照顧生病,害怕
手足無措,害怕
感受到震度,生氣
好爽,高興
一位難求,其他（正）
聊著,其他（正）
從小可以得到,其他（負）
旺季,其他（正）
林北,生氣
快樂氣氛,高興
跑這麼遠,其他（負）
造口業,其他（負）
空談,難過
心臟狂跳,害怕
名人,其他（正）
天殺的,生氣
採光良好,其他（正）
失速,生氣
攻擊性,害怕
加強戒備,生氣
怕你搞錯,害怕
被充公,害怕
呵護,其他（正）
失血過多死亡,生氣
被打槍,其他（負）
傷勢,害怕
包山包海,其他（負）
招魂,害怕
很不開心,生氣
一開始根本就是,其他（負）
無奇不有,驚訝
裝鎮定,其他（負）
扭動掙扎,害怕
慈祥,其他（正）
沒力了,其他（負）
難用,生氣
就得,其他（負）
神聖,其他（正）
難以解釋,其他（負）
昔日,害怕
不自覺,驚訝
賭博,其他（負）
也喜歡,高興
憑直覺,其他（負）
未確實,其他（負）
半夜睡不著,其他（負）
沒打算,其他（負）
無法反駁,其他（負）
觸電,害怕
很愉快,高興
進化了,其他（正）
失衡,其他（負）
停留太久,其他（負）
祝壽,高興
毀滅,其他（負）
天氣好,其他（正）
進步中,其他（正）
沒有鼓勵,害怕
傷害很大,其他（負）
車速過快,難過
淪陷,其他（負）
綻放,其他（正）
喪心病狂,難過
負擔重,難過
最慘的是,害怕
當親人,其他（正）
不大一樣,害怕
餘悸猶存,生氣
敗訴,其他（負）
很差,其他（負）
酸了起來,其他（負）
震央,生氣
封殺,難過
小淘氣,生氣
相當感謝,高興
傷口,害怕
不明白,其他（負）
仰慕,其他（正）
自然醒,高興
逢低買進,高興
掌握分寸,生氣
舊情復燃,其他（負）
清白,高興
哭訴,害怕
嘿嘿,高興
無緣,難過
一大灘血,生氣
飆,其他（負）
一切小心,害怕
有捨才有得,其他（正）
心肌梗塞,害怕
啜泣聲,害怕
整天泡在,其他（負）
太神奇,高興
滿嘴亂,其他（負）
糞,難過
奉獻,高興
一場空,害怕
身材走樣,害怕
災啦,其他（正）
靠別人,其他（負）
綁架,生氣
拔腿,害怕
氣得牙癢癢,生氣
臥病在床,害怕
不輕易放棄,其他（正）
這種人,生氣
故作勇敢,難過
髒亂不堪,害怕
一副好好,生氣
追撞,害怕
穩重,其他（正）
交棒,其他（正）
驚傳,驚訝
自私點,生氣
堅守,其他（負）
英勇,高興
堅定,其他（正）
封條,其他（負）
攝影,其他（正）
乖巧,其他（正）
分崩離析,其他（負）
劃下圓滿句點,其他（正）
敢跟,其他（正）
陽光,其他（正）
扭轉劣勢,其他（正）
收穫蠻多,其他（正）
準備投胎,害怕
有機會,高興
心情煩,生氣
暢快,高興
來日無多,難過
打破沉默,高興
呼吸窘迫,生氣
自首,害怕
突然就,驚訝
戶頭入帳,其他（正）
不在座位上,其他（負）
禁得起考驗,高興
小力鞭,害怕
坦承,其他（負）
完整,其他（正）
預算赤字,難過
摔了個,害怕
加護病房,害怕
好好說,其他（正）
非常豐盛,其他（正）
半夜醒來,其他（負）
知名度,其他（正）
硬著頭皮,其他（負）
不會鼓勵,其他（負）
含淚,害怕
苦差事,其他（負）
手刀,其他（正）
積福,其他（正）
得不到,生氣
身體不好,難過
感覺怪怪,害怕
有時候還,其他（正）
豪宅,其他（正）
身障,害怕
氣候變遷,生氣
公平,高興
很忙,其他（負）
嘿咻,其他（負）
警笛聲,其他（負）
整合,其他（正）
心寒,害怕
自顧,難過
摔碗,生氣
害你的,難過
無可取代,害怕
髒亂,害怕
末日鐘,其他（負）
久違的,其他（正）
坐牢,其他（負）
捕捉到我的視線,其他（正）
比較不清楚,其他（負）
走絕路,害怕
美貌,其他（正）
自己都不能決定,生氣
說話大聲,其他（負）
就夠了,其他（正）
無法用金錢衡量,其他（正）
很強,其他（正）
天賦異稟,其他（正）
違約,難過
非常滿足,其他（正）
劣勢,害怕
受損,其他（負）
孰料,驚訝
靜靜的流著眼淚,難過
空前危機,生氣
安心感,高興
萌生去意,難過
沒把握,其他（負）
夠過日子,高興
痕跡,其他（負）
爆走,生氣
誅鋤異己,難過
又犯,生氣
兇惡,害怕
傻事,其他（負）
死,其他（負）
往往都,其他（負）
小心應付,害怕
不良影響,其他（負）
具威脅性,生氣
弄得一團亂,難過
辛苦的工作,其他（負）
像以前一樣,難過
破掉,其他（負）
霸王,其他（正）
跟白癡一樣,生氣
適應,其他（負）
頹靡,難過
污染,生氣
提升,其他（正）
十分驚人,驚訝
以貌取人,其他（負）
贓款,其他（負）
笨鬼,生氣
難熬,難過
光滑,其他（正）
被質疑,生氣
賺到,其他（正）
你知道嗎,生氣
不在乎,其他（負）
超累,難過
腦海中閃過,驚訝
人氣王,其他（正）
沒自信,害怕
收爛攤子,其他（負）
熟睡,其他（正）
扶乩,害怕
逃,生氣
投入得太快,其他（負）
必備,其他（正）
都交給,其他（正）
憂鬱症,害怕
危害,生氣
各忙各的,其他（負）
天羅地網,其他（正）
開獎,其他（正）
保障,高興
同感不舒服,生氣
不習慣,其他（負）
駐足,其他（正）
撐起,其他（負）
封鎖現場蒐證,生氣
啃食,生氣
認識你真好,其他（正）
不斷啜泣,害怕
淦,生氣
尋求幫助,害怕
吹熄,其他（負）
已不給我,難過
鬼有鬼道,害怕
不會有人會,其他（負）
乾脆,其他（負）
鬱卒,難過
磨合期,其他（負）
時光,其他（正）
死於,難過
與眾不同,其他（正）
流下眼淚,難過
搶,其他（負）
無礙,高興
棺材,害怕
好大聲,其他（負）
棺木,其他（負）
奇蹟,其他（正）
多與你相處,高興
剛分手,其他（負）
瘀青,害怕
沒有錯,其他（正）
見鬼了,害怕
心理戰,其他（負）
咬牙,其他（負）
沒甚麼路人會經過,害怕
全副武裝,其他（正）
檢討改進,害怕
不敢相信,驚訝
截聽,其他（負）
蒙上,其他（負）
不由自主,害怕
謊話,生氣
鼻涕滿溢,其他（負）
但是這些都還是,其他（負）
緊緊抱住,高興
賠笑,其他（負）
逼退,難過
賺取,高興
梅毒,生氣
只能,害怕
蠢蠢,其他（負）
捨己,其他（正）
那麼大力地,害怕
處女,其他（正）
給破壞,其他（負）
野蠻,其他（負）
搞不太清楚狀況,其他（負）
竟有,難過
沒有鎖,其他（負）
千百個不願意,難過
清爽,其他（正）
竊笑,高興
還好,其他（正）
鬥法,害怕
不要上來,害怕
獻身,其他（正）
停放大體,害怕
淚崩,害怕
就好,其他（正）
早有防備,其他（正）
三字經,難過
心很酸,難過
現實社會,其他（負）
黏糊糊,害怕
早已停不住,其他（負）
入侵人體,生氣
偏偏,生氣
小看,其他（負）
刺+眼,生氣
換了一副嘴臉,生氣
死全家,生氣
卻在這個時候,其他（負）
非常好,其他（正）
逛逛,其他（正）
求神問卜,難過
沒有福+氣,難過
鮮紅的肉塊,害怕
好有趣,其他（正）
笑開懷,高興
行動不便,害怕
掏心掏肺,其他（負）
追思,害怕
苦澀,其他（負）
掉到谷底,害怕
奇趣,其他（正）
躲在,其他（負）
不管三七二十一,其他（負）
傷口撕開,難過
發誓,生氣
罩我,其他（正）
驚呼,驚訝
一切的付出,高興
更成功,高興
做不回自己,難過
媽寶,生氣
想找出,其他（負）
驚喜,高興
嚴格,其他（負）
匆匆離去,生氣
客套話,其他（負）
吹牛,生氣
點頭,其他（正）
來來來,高興
瘦如柴骨,難過
可意會而不能言傳,其他（負）
好好努力,其他（正）
有夠難用,生氣
才在那邊,生氣
鈴聲般,其他（正）
交涉,其他（負）
活力,其他（正）
被說,其他（負）
為何仍,生氣
遁逃,害怕
大人物,其他（正）
一直相信,其他（正）
不管颳風下雨,其他（正）
槍殺,其他（負）
偷貼在,其他（負）
禮品,高興
不以為意,其他（正）
嫌犯,難過
警戒,生氣
無力回天,害怕
撒滿毒品,難過
回的來,難過
纏上,其他（負）
肌肉痠痛,生氣
好痛,害怕
沉悶,其他（負）
去你的,生氣
耐力,其他（正）
落後,害怕
愛憐,其他（正）
畜生,難過
肚子痛,害怕
成熟世故,其他（負）
專程,高興
一切順利,其他（正）
恢復正常,其他（正）
入迷,高興
友誼,高興
好好聽,其他（正）
不懷好意,其他（負）
擋到,其他（負）
謝謝你這段時間的陪伴,難過
休耕因應,害怕
流下淚,難過
憑空,其他（負）
送了,高興
害怕,害怕
好一點,其他（正）
和大家分享,其他（正）
隱去,其他（負）
怪力,害怕
買下,其他（正）
念了一下,生氣
無瑕,其他（正）
幸福的味道,高興
當時我發現,驚訝
唉,難過
不容易,難過
慘了,害怕
開罰,其他（負）
酷似,其他（正）
扭扭舞,高興
沒什麼改變,其他（負）
好得差不多,其他（正）
從胸口炸開,其他（負）
戒酒成功,其他（正）
排山倒海而來,害怕
懸在,害怕
眼神銳利,害怕
特價,高興
我知道我可以,其他（正）
早叫你,生氣
容易緊張,害怕
受影響,其他（負）
凌亂,其他（負）
聲稱,其他（負）
沉澱,其他（負）
不是很暢通,其他（負）
負面情緒,其他（負）
槍擊,害怕
好天氣,其他（正）
嚴重落差,難過
是別人的,難過
忘記等待的時間,難過
相信,高興
詭計,生氣
氣憤,生氣
水瀉,生氣
顫抖,害怕
多處挫傷,生氣
全世界只有,其他（正）
送修,其他（負）
才不過,其他（負）
又能期盼什麼,生氣
突然衝出,害怕
未必,其他（負）
利刃,害怕
很有修行,其他（正）
MVP,高興
陰世,害怕
放走,其他（正）
記憶有點模糊,其他（負）
就會好,其他（正）
刺死,難過
破滅,難過
很嗆,難過
討人喜歡,其他（正）
找麻煩,生氣
英姿,其他（正）
被開單,生氣
差點被嚇死,害怕
難以言諭,其他（負）
叼走,其他（負）
病變,生氣
內疚,難過
賓利,其他（正）
很麻煩,其他（負）
刺殺,難過
分不清,其他（負）
深懷感激,高興
滿臉血,害怕
猶如,其他（負）
磨刀霍霍,害怕
不會擔心,其他（正）
銅鏽,其他（負）
氣頭+上,生氣
為民除害,其他（正）
就算了,其他（負）
忙亂,害怕
本身也有責任,其他（負）
沒電,其他（負）
有空,其他（正）
過多的,其他（負）
很疲倦,難過
個性不改,生氣
沉溺,難過
好家在,高興
特准,其他（正）
沒常識,生氣
打倒我,難過
緩和,其他（正）
全毀,害怕
天氣冷,其他（負）
急急,害怕
特別,其他（正）
瘋癲,害怕
善妒,難過
偷了,其他（負）
感人,高興
初吻,高興
原本,害怕
實屬難得,其他（正）
銬住,其他（負）
害我,生氣
看到正妹,其他（正）
衝了上去,生氣
發生不幸,害怕
該往前走,難過
不便,生氣
心動,高興
如此執著,其他（負）
掉落,其他（負）
惆悵,難過
蠻舒服,其他（正）
追不回,難過
即使努力也不會,難過
??,驚訝
遺物,害怕
遭殃,其他（負）
有驚無險,害怕
很嘔,難過
幽默感,其他（正）
有認真,高興
加油添醋,其他（負）
越來越虛弱,其他（負）
火大,生氣
沒事就滾,生氣
漫長,其他（負）
實在很難,其他（負）
不會在乎,其他（負）
顫慄,害怕
武力犯台,害怕
罩你,其他（正）
地獄,害怕
陽委,其他（負）
鬆了一口氣,高興
老花眼,其他（負）
噢噎,高興
沒吃到,其他（負）
叫我自已,其他（負）
未將,其他（負）
可以回家,其他（正）
派出所,其他（負）
針筒,害怕
靈機一動,其他（正）
名人牆,其他（正）
回頭找,其他（負）
討了個沒趣,難過
靈光一閃,高興
暴力組織,生氣
不停擴散,其他（負）
一定要約,其他（正）
一臉不敢相信,驚訝
邀約,高興
引發各界關注,生氣
只讓我覺得,其他（負）
判處,難過
縮手,其他（負）
要脅,難過
揮霍,難過
什麼也不用擔心,其他（負）
冒出火花,害怕
為何還要,難過
感冒症狀,生氣
低收,害怕
兇案,生氣
祥和,其他（正）
誕生,其他（正）
遇上這種事,其他（負）
白色粉末,生氣
斷子絕孫,害怕
推掉,其他（負）
一閉上眼,其他（負）
欺負,生氣
護航,難過
帶著面具,難過
好可怕,其他（負）
還沒放下,其他（負）
五顏六色,其他（正）
談鬼,害怕
添亂,其他（負）
不乖,其他（負）
火場,生氣
槍枝,其他（負）
蛻變,其他（正）
驅之不去,害怕
不太會用,其他（負）
心中的海浪,其他（負）
^^,高興
尷尬,其他（負）
儲蓄,其他（正）
慌張,害怕
欺軟怕硬,生氣
榮登,其他（正）
慢慢品嘗,其他（正）
苦肉計,難過
不太好看,其他（負）
餘光,其他（負）
疏離,難過
瞎鬧,生氣
怒斥,生氣
拉下,其他（負）
擁抱了,其他（正）
一楞一楞,其他（負）
沒錯,其他（正）
一個人壓在我身上,害怕
無法阻止,害怕
輔導,害怕
度過,其他（負）
煩人,生氣
沒逃過,害怕
冤親債主,其他（負）
腸胃炎,生氣
引發各界撻伐,難過
開箱,高興
來到這個世界,其他（正）
狂喜,高興
想要分開,其他（負）
白內障,生氣
搶救,生氣
妙齡女子,其他（正）
開心不已,高興
善念,其他（正）
嗆辭,難過
讓人更,其他（負）
從來都不知道,驚訝
不可原諒,難過
出現異狀,害怕
結束考試,其他（正）
大吵大鬧,生氣
蜿蜒曲折,其他（負）
要回家,其他（正）
侷促,其他（負）
就算,其他（負）
冥冥中,其他（正）
好多話,其他（負）
光是,其他（正）
空虛,難過
保外就醫,難過
無法跟別人說,難過
救災,害怕
變化如此大,其他（負）
以正視聽,難過
有意見,生氣
不太可能,其他（負）
關太久,其他（負）
多注意,其他（負）
對盤,其他（負）
為了我好,其他（負）
迷失,難過
不省人事,其他（負）
心靈富足,高興
勇敢的人,其他（正）
才知道原來,驚訝
執意,難過
偶像,其他（正）
看也沒看一眼,生氣
湮滅證據,其他（負）
靠北,難過
愛撫,其他（負）
拔腿就跑,害怕
做到了,其他（正）
吸菸,其他（負）
不想買了,其他（負）
還不是得,難過
純正,其他（正）
住手,生氣
直銷,生氣
快速的回撥,其他（正）
優閒,高興
懷孕,高興
扮演關鍵角色,其他（正）
荒廢,其他（負）
口業,其他（負）
一番功夫,其他（負）
巴結,生氣
差不多了,其他（正）
減緩疼痛,其他（正）
傷心,難過
蛛絲馬跡,其他（負）
核武競賽,生氣
吃藥,難過
報廢,其他（負）
遺留,害怕
騙誰,生氣
壓力測試,其他（負）
叫囂,難過
：）,高興
不知何處來,驚訝
緩不濟急,害怕
為我倒酒,其他（正）
一翻兩瞪眼,其他（負）
粗口,生氣
三叔六公,其他（負）
昏了,害怕
刺激,其他（正）
要花多少,其他（負）
狂吼,難過
抱人家大腿,其他（負）
睡很飽,高興
雙屍,害怕
為什麼這麼,生氣
繞了這麼大圈,其他（負）
惡火,生氣
豐滿,其他（正）
辛苦您,其他（正）
結緣,高興
也只能,其他（負）
對我好,高興
非常值得,其他（正）
有點豬,其他（負）
懲罰,其他（負）
熱戀期,其他（正）
喝斥,生氣
誤食,生氣
起疑,生氣
反遭,難過
財物損失,生氣
美腿,其他（正）
一場病,其他（負）
沒有了笑容,生氣
陷入昏迷,害怕
究竟有無,難過
吸食毒品,難過
隻字不提,害怕
新歡,高興
同學會,其他（正）
汽車旅館,其他（負）
站的越高跌的越痛,其他（負）
絲毫未減速,害怕
生活困境,害怕
第一名,高興
這個問題只有你知道,生氣
不曉得,驚訝
關鍵角色,其他（正）
沒醒,其他（負）
東窗事發,其他（負）
竭盡所能,高興
抱抱他,高興
瘋狗,害怕
處分,其他（負）
嚷嚷,生氣
打哈哈,其他（負）
都沒有說,其他（負）
大小聲,生氣
被嚇到,害怕
支付高達,其他（負）
飛快下降,害怕
連自己的,其他（負）
上A網,其他（負）
不實謠言,其他（負）
起了疑心,生氣
跑了好多,其他（正）
輕忽,其他（負）
更好的人,其他（正）
退休,其他（正）
溫暖又舒服,其他（正）
職業災害,害怕
好累,難過
在天之靈,害怕
無人照顧,害怕
看不出表情,害怕
掃地出門,其他（負）
謝謝妳的招待,高興
延誤治療,害怕
想太多,難過
坐在你的大腿上,其他（正）
轟隆一聲,害怕
欣賞你,高興
拆得,其他（負）
偷師,其他（負）
性生活史複雜,生氣
來吧,其他（正）
到底有沒有,生氣
佯裝,其他（負）
方便,高興
不惜,其他（負）
騙術,生氣
跨國緝捕,生氣
見不到人,其他（負）
靜一靜,其他（負）
少做作,其他（正）
禁用,其他（負）
火燒車,生氣
變了調,其他（負）
認真,其他（正）
引來,其他（負）
急救,生氣
奇葩,其他（負）
喃喃自語,生氣
學到了,其他（正）
高級,其他（正）
你有想過,其他（負）
姣好,高興
只是什麼都,其他（負）
診斷,害怕
劇烈疼痛,害怕
搞砸了,難過
真的老了,難過
轉交警方,其他（負）
迷人,其他（正）
歹勢,難過
反應不過來,其他（負）
許多衝突,其他（負）
不能擁有,其他（負）
開心不起來,難過
父母臥病,害怕
暖暖的,其他（正）
